user_id,signup_date,acquisition_channel,device,country
U00001,2025-04-13,Organic,iOS,Nigeria
U00002,2025-02-21,Facebook Ads,Android,Nigeria
U00003,2025-04-03,Google Ads,Android,Nigeria
U00004,2025-01-15,Google Ads,iOS,Nigeria
U00005,2025-04-17,Google Ads,iOS,Nigeria
U00006,2025-03-13,Facebook Ads,Android,Nigeria
U00007,2025-03-02,Facebook Ads,iOS,Nigeria
U00008,2025-01-21,Google Ads,Android,Nigeria
U00009,2025-04-13,Referral,Android,Nigeria
U00010,2025-03-24,Referral,Android,Nigeria
U00011,2025-03-28,Google Ads,iOS,Nigeria
U00012,2025-03-16,Facebook Ads,Android,Nigeria
U00013,2025-03-16,Google Ads,Android,Nigeria
U00014,2025-03-29,Facebook Ads,Android,Nigeria
U00015,2025-04-27,Organic,iOS,Nigeria
U00016,2025-04-10,Referral,Android,Nigeria
U00017,2025-04-14,Referral,Android,Nigeria
U00018,2025-01-24,Organic,Android,Nigeria
U00019,2025-01-03,Facebook Ads,Android,Nigeria
U00020,2025-01-22,Referral,iOS,Nigeria
U00021,2025-02-22,Facebook Ads,Android,Nigeria
U00022,2025-01-02,Organic,iOS,Nigeria
U00023,2025-03-29,Facebook Ads,Android,Nigeria
U00024,2025-04-18,Referral,iOS,Nigeria
U00025,2025-01-30,Referral,Android,Nigeria
U00026,2025-02-07,Facebook Ads,Android,Nigeria
U00027,2025-01-02,Facebook Ads,Android,Nigeria
U00028,2025-03-05,Referral,iOS,Nigeria
U00029,2025-03-01,Google Ads,iOS,Nigeria
U00030,2025-01-21,Facebook Ads,Android,Nigeria
U00031,2025-02-02,Facebook Ads,iOS,Nigeria
U00032,2025-03-17,Facebook Ads,Android,Nigeria
U00033,2025-02-27,Referral,Android,Nigeria
U00034,2025-01-22,Google Ads,Android,Nigeria
U00035,2025-04-18,Facebook Ads,Android,Nigeria
U00036,2025-03-30,Facebook Ads,iOS,Nigeria
U00037,2025-02-18,Facebook Ads,Android,Nigeria
U00038,2025-04-01,Facebook Ads,Android,Nigeria
U00039,2025-02-28,Google Ads,Android,Nigeria
U00040,2025-02-11,Facebook Ads,Android,Nigeria
U00041,2025-04-02,Facebook Ads,Android,Nigeria
U00042,2025-03-01,Referral,Android,Nigeria
U00043,2025-03-21,Facebook Ads,Android,Nigeria
U00044,2025-01-15,Google Ads,Android,Nigeria
U00045,2025-03-03,Google Ads,Android,Nigeria
U00046,2025-03-03,Google Ads,Android,Nigeria
U00047,2025-02-16,Google Ads,Android,Nigeria
U00048,2025-03-03,Google Ads,Android,Nigeria
U00049,2025-02-20,Referral,Android,Nigeria
U00050,2025-04-18,Google Ads,Android,Nigeria
U00051,2025-02-24,Google Ads,Android,Nigeria
U00052,2025-04-26,Referral,Android,Nigeria
U00053,2025-03-05,Google Ads,Android,Nigeria
U00054,2025-01-03,Facebook Ads,Android,Nigeria
U00055,2025-04-11,Facebook Ads,Android,Nigeria
U00056,2025-02-20,Facebook Ads,iOS,Nigeria
U00057,2025-01-07,Referral,Android,Nigeria
U00058,2025-01-21,Referral,Android,Nigeria
U00059,2025-03-14,Organic,iOS,Nigeria
U00060,2025-02-08,Google Ads,Android,Nigeria
U00061,2025-01-18,Google Ads,iOS,Nigeria
U00062,2025-01-04,Facebook Ads,Android,Nigeria
U00063,2025-03-30,Google Ads,iOS,Nigeria
U00064,2025-03-01,Google Ads,Android,Nigeria
U00065,2025-01-14,Organic,Android,Nigeria
U00066,2025-04-24,Facebook Ads,iOS,Nigeria
U00067,2025-01-09,Google Ads,Android,Nigeria
U00068,2025-03-31,Google Ads,Android,Nigeria
U00069,2025-02-22,Google Ads,iOS,Nigeria
U00070,2025-01-02,Google Ads,Android,Nigeria
U00071,2025-03-25,Referral,Android,Nigeria
U00072,2025-04-02,Facebook Ads,Android,Nigeria
U00073,2025-04-21,Referral,Android,Nigeria
U00074,2025-03-01,Google Ads,iOS,Nigeria
U00075,2025-03-12,Referral,iOS,Nigeria
U00076,2025-02-13,Referral,Android,Nigeria
U00077,2025-01-08,Facebook Ads,Android,Nigeria
U00078,2025-02-16,Facebook Ads,Android,Nigeria
U00079,2025-02-04,Organic,Android,Nigeria
U00080,2025-03-19,Google Ads,iOS,Nigeria
U00081,2025-03-22,Organic,Android,Nigeria
U00082,2025-02-05,Facebook Ads,Android,Nigeria
U00083,2025-02-19,Google Ads,iOS,Nigeria
U00084,2025-04-14,Referral,iOS,Nigeria
U00085,2025-01-04,Organic,Android,Nigeria
U00086,2025-01-02,Facebook Ads,Android,Nigeria
U00087,2025-01-06,Referral,Android,Nigeria
U00088,2025-02-23,Google Ads,iOS,Nigeria
U00089,2025-04-16,Facebook Ads,Android,Nigeria
U00090,2025-01-04,Google Ads,Android,Nigeria
U00091,2025-02-23,Google Ads,Android,Nigeria
U00092,2025-04-03,Organic,Android,Nigeria
U00093,2025-03-04,Google Ads,Android,Nigeria
U00094,2025-01-18,Facebook Ads,iOS,Nigeria
U00095,2025-03-31,Facebook Ads,iOS,Nigeria
U00096,2025-02-13,Google Ads,iOS,Nigeria
U00097,2025-02-03,Facebook Ads,Android,Nigeria
U00098,2025-03-15,Referral,iOS,Nigeria
U00099,2025-03-03,Facebook Ads,iOS,Nigeria
U00100,2025-04-10,Organic,Android,Nigeria
U00101,2025-01-14,Organic,Android,Nigeria
U00102,2025-04-05,Google Ads,Android,Nigeria
U00103,2025-02-17,Organic,iOS,Nigeria
U00104,2025-01-15,Referral,Android,Nigeria
U00105,2025-03-13,Google Ads,iOS,Nigeria
U00106,2025-03-19,Facebook Ads,Android,Nigeria
U00107,2025-03-28,Google Ads,iOS,Nigeria
U00108,2025-03-03,Google Ads,Android,Nigeria
U00109,2025-02-09,Referral,iOS,Nigeria
U00110,2025-03-26,Google Ads,Android,Nigeria
U00111,2025-03-21,Referral,iOS,Nigeria
U00112,2025-04-19,Google Ads,Android,Nigeria
U00113,2025-03-23,Facebook Ads,Android,Nigeria
U00114,2025-04-21,Organic,Android,Nigeria
U00115,2025-02-22,Google Ads,Android,Nigeria
U00116,2025-01-24,Facebook Ads,Android,Nigeria
U00117,2025-01-26,Google Ads,Android,Nigeria
U00118,2025-03-30,Facebook Ads,iOS,Nigeria
U00119,2025-03-01,Google Ads,Android,Nigeria
U00120,2025-04-19,Google Ads,Android,Nigeria
U00121,2025-02-10,Google Ads,Android,Nigeria
U00122,2025-01-29,Organic,Android,Nigeria
U00123,2025-01-15,Google Ads,iOS,Nigeria
U00124,2025-02-14,Facebook Ads,Android,Nigeria
U00125,2025-03-06,Google Ads,iOS,Nigeria
U00126,2025-03-30,Organic,Android,Nigeria
U00127,2025-03-12,Facebook Ads,Android,Nigeria
U00128,2025-01-09,Facebook Ads,iOS,Nigeria
U00129,2025-03-29,Facebook Ads,Android,Nigeria
U00130,2025-01-01,Facebook Ads,Android,Nigeria
U00131,2025-04-18,Referral,Android,Nigeria
U00132,2025-01-08,Referral,iOS,Nigeria
U00133,2025-03-29,Facebook Ads,Android,Nigeria
U00134,2025-03-04,Google Ads,Android,Nigeria
U00135,2025-01-11,Facebook Ads,Android,Nigeria
U00136,2025-04-25,Organic,Android,Nigeria
U00137,2025-03-22,Organic,iOS,Nigeria
U00138,2025-01-08,Facebook Ads,Android,Nigeria
U00139,2025-02-04,Referral,Android,Nigeria
U00140,2025-02-04,Referral,iOS,Nigeria
U00141,2025-02-02,Facebook Ads,Android,Nigeria
U00142,2025-01-05,Facebook Ads,Android,Nigeria
U00143,2025-04-16,Google Ads,Android,Nigeria
U00144,2025-04-13,Referral,Android,Nigeria
U00145,2025-02-10,Organic,Android,Nigeria
U00146,2025-01-28,Referral,Android,Nigeria
U00147,2025-01-07,Referral,Android,Nigeria
U00148,2025-03-14,Google Ads,Android,Nigeria
U00149,2025-03-13,Referral,Android,Nigeria
U00150,2025-01-12,Referral,Android,Nigeria
U00151,2025-02-03,Facebook Ads,Android,Nigeria
U00152,2025-02-02,Google Ads,iOS,Nigeria
U00153,2025-02-17,Referral,Android,Nigeria
U00154,2025-04-29,Facebook Ads,iOS,Nigeria
U00155,2025-01-23,Referral,Android,Nigeria
U00156,2025-03-03,Facebook Ads,iOS,Nigeria
U00157,2025-03-29,Google Ads,iOS,Nigeria
U00158,2025-02-06,Referral,Android,Nigeria
U00159,2025-04-09,Facebook Ads,Android,Nigeria
U00160,2025-02-13,Facebook Ads,Android,Nigeria
U00161,2025-04-14,Google Ads,Android,Nigeria
U00162,2025-03-27,Referral,Android,Nigeria
U00163,2025-04-01,Facebook Ads,iOS,Nigeria
U00164,2025-02-04,Organic,Android,Nigeria
U00165,2025-03-06,Facebook Ads,Android,Nigeria
U00166,2025-04-09,Organic,Android,Nigeria
U00167,2025-04-11,Organic,Android,Nigeria
U00168,2025-02-16,Google Ads,iOS,Nigeria
U00169,2025-03-19,Google Ads,iOS,Nigeria
U00170,2025-01-03,Google Ads,Android,Nigeria
U00171,2025-01-01,Google Ads,Android,Nigeria
U00172,2025-01-05,Facebook Ads,Android,Nigeria
U00173,2025-03-31,Facebook Ads,iOS,Nigeria
U00174,2025-04-29,Facebook Ads,Android,Nigeria
U00175,2025-01-14,Google Ads,Android,Nigeria
U00176,2025-04-13,Facebook Ads,iOS,Nigeria
U00177,2025-01-27,Google Ads,Android,Nigeria
U00178,2025-01-09,Organic,iOS,Nigeria
U00179,2025-03-20,Facebook Ads,Android,Nigeria
U00180,2025-01-15,Google Ads,iOS,Nigeria
U00181,2025-03-31,Google Ads,Android,Nigeria
U00182,2025-02-11,Referral,Android,Nigeria
U00183,2025-03-18,Organic,Android,Nigeria
U00184,2025-02-20,Referral,iOS,Nigeria
U00185,2025-03-04,Organic,Android,Nigeria
U00186,2025-04-06,Facebook Ads,Android,Nigeria
U00187,2025-04-13,Referral,Android,Nigeria
U00188,2025-04-23,Referral,Android,Nigeria
U00189,2025-02-21,Facebook Ads,Android,Nigeria
U00190,2025-04-06,Organic,iOS,Nigeria
U00191,2025-01-04,Facebook Ads,Android,Nigeria
U00192,2025-04-04,Google Ads,Android,Nigeria
U00193,2025-04-11,Facebook Ads,Android,Nigeria
U00194,2025-01-23,Google Ads,Android,Nigeria
U00195,2025-04-13,Referral,Android,Nigeria
U00196,2025-04-19,Google Ads,Android,Nigeria
U00197,2025-01-15,Google Ads,Android,Nigeria
U00198,2025-02-12,Facebook Ads,Android,Nigeria
U00199,2025-01-29,Referral,iOS,Nigeria
U00200,2025-02-05,Facebook Ads,Android,Nigeria
U00201,2025-01-13,Google Ads,Android,Nigeria
U00202,2025-02-01,Organic,iOS,Nigeria
U00203,2025-03-12,Referral,iOS,Nigeria
U00204,2025-02-28,Google Ads,Android,Nigeria
U00205,2025-04-25,Referral,Android,Nigeria
U00206,2025-03-27,Referral,iOS,Nigeria
U00207,2025-01-28,Referral,Android,Nigeria
U00208,2025-03-07,Google Ads,Android,Nigeria
U00209,2025-02-11,Facebook Ads,Android,Nigeria
U00210,2025-02-14,Facebook Ads,Android,Nigeria
U00211,2025-03-03,Facebook Ads,Android,Nigeria
U00212,2025-02-26,Google Ads,iOS,Nigeria
U00213,2025-04-27,Facebook Ads,Android,Nigeria
U00214,2025-01-06,Google Ads,Android,Nigeria
U00215,2025-01-28,Facebook Ads,Android,Nigeria
U00216,2025-01-28,Facebook Ads,Android,Nigeria
U00217,2025-04-18,Referral,iOS,Nigeria
U00218,2025-02-13,Google Ads,Android,Nigeria
U00219,2025-03-25,Facebook Ads,iOS,Nigeria
U00220,2025-01-30,Referral,Android,Nigeria
U00221,2025-03-03,Facebook Ads,Android,Nigeria
U00222,2025-03-16,Referral,iOS,Nigeria
U00223,2025-04-29,Referral,Android,Nigeria
U00224,2025-04-02,Facebook Ads,Android,Nigeria
U00225,2025-03-30,Referral,iOS,Nigeria
U00226,2025-04-13,Google Ads,Android,Nigeria
U00227,2025-03-03,Google Ads,iOS,Nigeria
U00228,2025-04-07,Facebook Ads,iOS,Nigeria
U00229,2025-01-01,Facebook Ads,Android,Nigeria
U00230,2025-01-27,Organic,Android,Nigeria
U00231,2025-03-03,Facebook Ads,Android,Nigeria
U00232,2025-04-26,Google Ads,Android,Nigeria
U00233,2025-03-18,Google Ads,iOS,Nigeria
U00234,2025-04-15,Google Ads,iOS,Nigeria
U00235,2025-01-03,Facebook Ads,Android,Nigeria
U00236,2025-04-13,Facebook Ads,Android,Nigeria
U00237,2025-03-11,Referral,Android,Nigeria
U00238,2025-03-13,Facebook Ads,Android,Nigeria
U00239,2025-01-27,Facebook Ads,iOS,Nigeria
U00240,2025-01-09,Facebook Ads,Android,Nigeria
U00241,2025-03-03,Google Ads,iOS,Nigeria
U00242,2025-02-06,Referral,Android,Nigeria
U00243,2025-04-07,Facebook Ads,iOS,Nigeria
U00244,2025-02-20,Facebook Ads,Android,Nigeria
U00245,2025-04-16,Facebook Ads,Android,Nigeria
U00246,2025-02-13,Referral,Android,Nigeria
U00247,2025-01-24,Google Ads,iOS,Nigeria
U00248,2025-03-20,Google Ads,Android,Nigeria
U00249,2025-02-28,Referral,Android,Nigeria
U00250,2025-04-28,Google Ads,Android,Nigeria
U00251,2025-02-01,Referral,Android,Nigeria
U00252,2025-04-06,Referral,Android,Nigeria
U00253,2025-03-29,Facebook Ads,iOS,Nigeria
U00254,2025-04-15,Facebook Ads,Android,Nigeria
U00255,2025-02-21,Facebook Ads,Android,Nigeria
U00256,2025-04-23,Facebook Ads,Android,Nigeria
U00257,2025-03-03,Organic,Android,Nigeria
U00258,2025-04-23,Google Ads,Android,Nigeria
U00259,2025-02-27,Facebook Ads,Android,Nigeria
U00260,2025-02-21,Referral,Android,Nigeria
U00261,2025-01-12,Google Ads,Android,Nigeria
U00262,2025-02-08,Facebook Ads,iOS,Nigeria
U00263,2025-01-02,Facebook Ads,Android,Nigeria
U00264,2025-01-03,Google Ads,iOS,Nigeria
U00265,2025-04-23,Referral,Android,Nigeria
U00266,2025-04-11,Facebook Ads,Android,Nigeria
U00267,2025-04-23,Facebook Ads,Android,Nigeria
U00268,2025-02-25,Google Ads,Android,Nigeria
U00269,2025-03-22,Facebook Ads,iOS,Nigeria
U00270,2025-02-28,Google Ads,iOS,Nigeria
U00271,2025-04-23,Google Ads,Android,Nigeria
U00272,2025-01-02,Facebook Ads,Android,Nigeria
U00273,2025-01-02,Organic,Android,Nigeria
U00274,2025-04-02,Google Ads,Android,Nigeria
U00275,2025-02-23,Facebook Ads,Android,Nigeria
U00276,2025-03-28,Google Ads,iOS,Nigeria
U00277,2025-04-11,Referral,iOS,Nigeria
U00278,2025-04-06,Referral,iOS,Nigeria
U00279,2025-04-07,Facebook Ads,iOS,Nigeria
U00280,2025-01-01,Organic,Android,Nigeria
U00281,2025-01-19,Google Ads,Android,Nigeria
U00282,2025-01-02,Facebook Ads,Android,Nigeria
U00283,2025-02-22,Facebook Ads,Android,Nigeria
U00284,2025-02-13,Facebook Ads,Android,Nigeria
U00285,2025-03-31,Referral,iOS,Nigeria
U00286,2025-02-01,Facebook Ads,iOS,Nigeria
U00287,2025-03-11,Facebook Ads,iOS,Nigeria
U00288,2025-02-01,Referral,iOS,Nigeria
U00289,2025-04-29,Facebook Ads,iOS,Nigeria
U00290,2025-03-09,Facebook Ads,Android,Nigeria
U00291,2025-02-24,Facebook Ads,iOS,Nigeria
U00292,2025-03-16,Facebook Ads,Android,Nigeria
U00293,2025-02-25,Facebook Ads,Android,Nigeria
U00294,2025-01-17,Google Ads,iOS,Nigeria
U00295,2025-02-07,Facebook Ads,iOS,Nigeria
U00296,2025-01-24,Facebook Ads,Android,Nigeria
U00297,2025-03-10,Referral,Android,Nigeria
U00298,2025-04-26,Google Ads,Android,Nigeria
U00299,2025-04-08,Google Ads,Android,Nigeria
U00300,2025-03-11,Google Ads,iOS,Nigeria
U00301,2025-03-27,Facebook Ads,Android,Nigeria
U00302,2025-01-11,Google Ads,Android,Nigeria
U00303,2025-04-22,Google Ads,Android,Nigeria
U00304,2025-01-16,Facebook Ads,Android,Nigeria
U00305,2025-04-07,Organic,Android,Nigeria
U00306,2025-03-14,Facebook Ads,iOS,Nigeria
U00307,2025-02-28,Referral,Android,Nigeria
U00308,2025-03-11,Facebook Ads,Android,Nigeria
U00309,2025-03-21,Referral,Android,Nigeria
U00310,2025-04-03,Google Ads,Android,Nigeria
U00311,2025-01-03,Referral,iOS,Nigeria
U00312,2025-01-20,Facebook Ads,Android,Nigeria
U00313,2025-02-28,Google Ads,iOS,Nigeria
U00314,2025-02-05,Google Ads,Android,Nigeria
U00315,2025-01-19,Referral,Android,Nigeria
U00316,2025-03-31,Google Ads,Android,Nigeria
U00317,2025-03-08,Google Ads,Android,Nigeria
U00318,2025-01-19,Google Ads,iOS,Nigeria
U00319,2025-01-20,Facebook Ads,Android,Nigeria
U00320,2025-04-06,Google Ads,Android,Nigeria
U00321,2025-03-12,Facebook Ads,Android,Nigeria
U00322,2025-02-21,Organic,Android,Nigeria
U00323,2025-04-15,Referral,iOS,Nigeria
U00324,2025-02-02,Organic,Android,Nigeria
U00325,2025-02-09,Facebook Ads,Android,Nigeria
U00326,2025-02-08,Referral,iOS,Nigeria
U00327,2025-03-23,Referral,Android,Nigeria
U00328,2025-04-14,Google Ads,Android,Nigeria
U00329,2025-01-01,Google Ads,Android,Nigeria
U00330,2025-01-11,Facebook Ads,iOS,Nigeria
U00331,2025-04-02,Referral,iOS,Nigeria
U00332,2025-02-26,Google Ads,Android,Nigeria
U00333,2025-03-30,Facebook Ads,Android,Nigeria
U00334,2025-02-19,Facebook Ads,iOS,Nigeria
U00335,2025-01-23,Organic,Android,Nigeria
U00336,2025-01-31,Referral,Android,Nigeria
U00337,2025-04-04,Organic,Android,Nigeria
U00338,2025-02-11,Google Ads,iOS,Nigeria
U00339,2025-04-09,Facebook Ads,Android,Nigeria
U00340,2025-01-07,Facebook Ads,Android,Nigeria
U00341,2025-01-16,Facebook Ads,Android,Nigeria
U00342,2025-03-31,Facebook Ads,Android,Nigeria
U00343,2025-04-22,Facebook Ads,iOS,Nigeria
U00344,2025-04-26,Facebook Ads,Android,Nigeria
U00345,2025-03-01,Google Ads,Android,Nigeria
U00346,2025-04-23,Organic,Android,Nigeria
U00347,2025-01-02,Google Ads,Android,Nigeria
U00348,2025-01-01,Referral,iOS,Nigeria
U00349,2025-02-17,Google Ads,Android,Nigeria
U00350,2025-01-12,Facebook Ads,iOS,Nigeria
U00351,2025-03-10,Facebook Ads,Android,Nigeria
U00352,2025-02-06,Facebook Ads,Android,Nigeria
U00353,2025-02-01,Facebook Ads,Android,Nigeria
U00354,2025-04-29,Google Ads,Android,Nigeria
U00355,2025-01-09,Facebook Ads,Android,Nigeria
U00356,2025-04-15,Facebook Ads,iOS,Nigeria
U00357,2025-04-09,Facebook Ads,Android,Nigeria
U00358,2025-01-19,Organic,Android,Nigeria
U00359,2025-02-17,Referral,iOS,Nigeria
U00360,2025-03-21,Referral,iOS,Nigeria
U00361,2025-01-03,Facebook Ads,Android,Nigeria
U00362,2025-01-20,Referral,Android,Nigeria
U00363,2025-01-24,Referral,Android,Nigeria
U00364,2025-02-23,Google Ads,iOS,Nigeria
U00365,2025-04-30,Organic,iOS,Nigeria
U00366,2025-02-02,Facebook Ads,iOS,Nigeria
U00367,2025-01-24,Organic,iOS,Nigeria
U00368,2025-04-26,Organic,Android,Nigeria
U00369,2025-03-16,Facebook Ads,iOS,Nigeria
U00370,2025-04-23,Google Ads,Android,Nigeria
U00371,2025-03-13,Organic,Android,Nigeria
U00372,2025-02-05,Facebook Ads,Android,Nigeria
U00373,2025-02-07,Google Ads,iOS,Nigeria
U00374,2025-04-14,Organic,iOS,Nigeria
U00375,2025-03-25,Google Ads,Android,Nigeria
U00376,2025-04-09,Facebook Ads,iOS,Nigeria
U00377,2025-04-22,Google Ads,iOS,Nigeria
U00378,2025-03-30,Facebook Ads,Android,Nigeria
U00379,2025-04-09,Google Ads,Android,Nigeria
U00380,2025-01-25,Facebook Ads,iOS,Nigeria
U00381,2025-04-03,Google Ads,Android,Nigeria
U00382,2025-01-18,Google Ads,Android,Nigeria
U00383,2025-04-20,Referral,iOS,Nigeria
U00384,2025-03-23,Google Ads,iOS,Nigeria
U00385,2025-03-07,Google Ads,Android,Nigeria
U00386,2025-02-23,Google Ads,iOS,Nigeria
U00387,2025-02-04,Facebook Ads,Android,Nigeria
U00388,2025-03-21,Google Ads,Android,Nigeria
U00389,2025-03-02,Facebook Ads,Android,Nigeria
U00390,2025-02-10,Organic,Android,Nigeria
U00391,2025-04-10,Facebook Ads,iOS,Nigeria
U00392,2025-02-02,Google Ads,Android,Nigeria
U00393,2025-03-09,Google Ads,Android,Nigeria
U00394,2025-02-02,Google Ads,Android,Nigeria
U00395,2025-01-14,Facebook Ads,iOS,Nigeria
U00396,2025-01-21,Google Ads,Android,Nigeria
U00397,2025-02-17,Google Ads,Android,Nigeria
U00398,2025-01-20,Referral,Android,Nigeria
U00399,2025-04-30,Facebook Ads,iOS,Nigeria
U00400,2025-01-08,Google Ads,Android,Nigeria
U00401,2025-01-07,Google Ads,Android,Nigeria
U00402,2025-03-08,Google Ads,Android,Nigeria
U00403,2025-01-17,Google Ads,iOS,Nigeria
U00404,2025-02-02,Google Ads,Android,Nigeria
U00405,2025-02-17,Facebook Ads,Android,Nigeria
U00406,2025-03-17,Facebook Ads,Android,Nigeria
U00407,2025-02-28,Facebook Ads,Android,Nigeria
U00408,2025-04-25,Facebook Ads,iOS,Nigeria
U00409,2025-03-27,Google Ads,Android,Nigeria
U00410,2025-04-29,Google Ads,iOS,Nigeria
U00411,2025-01-22,Facebook Ads,iOS,Nigeria
U00412,2025-04-20,Organic,Android,Nigeria
U00413,2025-01-30,Facebook Ads,iOS,Nigeria
U00414,2025-02-07,Referral,iOS,Nigeria
U00415,2025-04-12,Google Ads,iOS,Nigeria
U00416,2025-04-19,Facebook Ads,Android,Nigeria
U00417,2025-02-20,Facebook Ads,Android,Nigeria
U00418,2025-02-23,Google Ads,Android,Nigeria
U00419,2025-01-08,Facebook Ads,iOS,Nigeria
U00420,2025-01-27,Organic,Android,Nigeria
U00421,2025-01-27,Google Ads,Android,Nigeria
U00422,2025-04-08,Organic,Android,Nigeria
U00423,2025-01-21,Facebook Ads,Android,Nigeria
U00424,2025-01-30,Referral,Android,Nigeria
U00425,2025-04-07,Google Ads,Android,Nigeria
U00426,2025-01-28,Referral,Android,Nigeria
U00427,2025-04-21,Facebook Ads,iOS,Nigeria
U00428,2025-03-05,Google Ads,Android,Nigeria
U00429,2025-04-07,Google Ads,iOS,Nigeria
U00430,2025-03-10,Referral,Android,Nigeria
U00431,2025-03-02,Facebook Ads,Android,Nigeria
U00432,2025-02-17,Referral,iOS,Nigeria
U00433,2025-01-19,Facebook Ads,iOS,Nigeria
U00434,2025-01-04,Referral,Android,Nigeria
U00435,2025-02-04,Referral,iOS,Nigeria
U00436,2025-03-05,Referral,iOS,Nigeria
U00437,2025-02-18,Google Ads,iOS,Nigeria
U00438,2025-01-17,Google Ads,Android,Nigeria
U00439,2025-02-13,Organic,Android,Nigeria
U00440,2025-04-02,Facebook Ads,Android,Nigeria
U00441,2025-01-30,Google Ads,Android,Nigeria
U00442,2025-04-03,Google Ads,Android,Nigeria
U00443,2025-02-15,Referral,iOS,Nigeria
U00444,2025-04-27,Facebook Ads,Android,Nigeria
U00445,2025-01-06,Google Ads,Android,Nigeria
U00446,2025-04-09,Referral,Android,Nigeria
U00447,2025-04-15,Facebook Ads,iOS,Nigeria
U00448,2025-02-06,Organic,Android,Nigeria
U00449,2025-01-24,Facebook Ads,iOS,Nigeria
U00450,2025-04-03,Facebook Ads,Android,Nigeria
U00451,2025-04-23,Facebook Ads,iOS,Nigeria
U00452,2025-02-15,Facebook Ads,iOS,Nigeria
U00453,2025-02-22,Organic,Android,Nigeria
U00454,2025-04-05,Facebook Ads,iOS,Nigeria
U00455,2025-04-09,Google Ads,Android,Nigeria
U00456,2025-03-01,Facebook Ads,Android,Nigeria
U00457,2025-04-07,Google Ads,Android,Nigeria
U00458,2025-04-26,Google Ads,Android,Nigeria
U00459,2025-03-04,Facebook Ads,iOS,Nigeria
U00460,2025-03-26,Facebook Ads,Android,Nigeria
U00461,2025-02-01,Referral,Android,Nigeria
U00462,2025-03-28,Facebook Ads,Android,Nigeria
U00463,2025-02-02,Google Ads,Android,Nigeria
U00464,2025-03-08,Facebook Ads,Android,Nigeria
U00465,2025-01-18,Referral,iOS,Nigeria
U00466,2025-01-25,Facebook Ads,Android,Nigeria
U00467,2025-04-16,Google Ads,Android,Nigeria
U00468,2025-04-05,Facebook Ads,Android,Nigeria
U00469,2025-02-23,Organic,Android,Nigeria
U00470,2025-02-27,Facebook Ads,Android,Nigeria
U00471,2025-03-08,Referral,iOS,Nigeria
U00472,2025-04-14,Google Ads,Android,Nigeria
U00473,2025-02-15,Facebook Ads,Android,Nigeria
U00474,2025-01-24,Referral,Android,Nigeria
U00475,2025-04-24,Facebook Ads,Android,Nigeria
U00476,2025-02-01,Referral,iOS,Nigeria
U00477,2025-02-16,Organic,Android,Nigeria
U00478,2025-03-27,Referral,Android,Nigeria
U00479,2025-01-23,Facebook Ads,iOS,Nigeria
U00480,2025-03-07,Referral,Android,Nigeria
U00481,2025-01-27,Google Ads,Android,Nigeria
U00482,2025-04-16,Referral,Android,Nigeria
U00483,2025-01-02,Google Ads,Android,Nigeria
U00484,2025-03-31,Referral,iOS,Nigeria
U00485,2025-01-17,Google Ads,Android,Nigeria
U00486,2025-04-14,Google Ads,iOS,Nigeria
U00487,2025-02-02,Facebook Ads,Android,Nigeria
U00488,2025-01-09,Referral,iOS,Nigeria
U00489,2025-02-12,Google Ads,Android,Nigeria
U00490,2025-04-28,Google Ads,Android,Nigeria
U00491,2025-02-17,Referral,Android,Nigeria
U00492,2025-02-08,Google Ads,Android,Nigeria
U00493,2025-04-03,Facebook Ads,Android,Nigeria
U00494,2025-02-11,Google Ads,iOS,Nigeria
U00495,2025-04-29,Google Ads,iOS,Nigeria
U00496,2025-01-26,Google Ads,Android,Nigeria
U00497,2025-04-09,Facebook Ads,Android,Nigeria
U00498,2025-02-19,Facebook Ads,iOS,Nigeria
U00499,2025-01-25,Facebook Ads,Android,Nigeria
U00500,2025-01-24,Referral,iOS,Nigeria
U00501,2025-01-13,Facebook Ads,Android,Nigeria
U00502,2025-03-01,Google Ads,Android,Nigeria
U00503,2025-01-07,Organic,Android,Nigeria
U00504,2025-02-26,Facebook Ads,Android,Nigeria
U00505,2025-02-05,Google Ads,Android,Nigeria
U00506,2025-02-14,Referral,iOS,Nigeria
U00507,2025-01-20,Organic,iOS,Nigeria
U00508,2025-03-06,Referral,Android,Nigeria
U00509,2025-01-08,Referral,Android,Nigeria
U00510,2025-04-20,Referral,Android,Nigeria
U00511,2025-01-16,Google Ads,iOS,Nigeria
U00512,2025-01-14,Referral,Android,Nigeria
U00513,2025-03-17,Facebook Ads,Android,Nigeria
U00514,2025-04-25,Organic,Android,Nigeria
U00515,2025-03-28,Google Ads,Android,Nigeria
U00516,2025-01-15,Google Ads,iOS,Nigeria
U00517,2025-04-02,Facebook Ads,Android,Nigeria
U00518,2025-04-08,Referral,Android,Nigeria
U00519,2025-03-07,Facebook Ads,Android,Nigeria
U00520,2025-02-01,Referral,Android,Nigeria
U00521,2025-03-28,Referral,Android,Nigeria
U00522,2025-03-04,Facebook Ads,Android,Nigeria
U00523,2025-03-27,Referral,Android,Nigeria
U00524,2025-02-20,Referral,Android,Nigeria
U00525,2025-01-25,Google Ads,Android,Nigeria
U00526,2025-02-27,Facebook Ads,Android,Nigeria
U00527,2025-03-04,Facebook Ads,iOS,Nigeria
U00528,2025-03-03,Facebook Ads,Android,Nigeria
U00529,2025-01-22,Facebook Ads,Android,Nigeria
U00530,2025-02-27,Organic,Android,Nigeria
U00531,2025-02-27,Facebook Ads,Android,Nigeria
U00532,2025-03-27,Referral,Android,Nigeria
U00533,2025-02-18,Facebook Ads,iOS,Nigeria
U00534,2025-02-21,Google Ads,Android,Nigeria
U00535,2025-02-11,Referral,Android,Nigeria
U00536,2025-03-11,Referral,iOS,Nigeria
U00537,2025-01-15,Facebook Ads,Android,Nigeria
U00538,2025-02-23,Google Ads,iOS,Nigeria
U00539,2025-04-17,Google Ads,Android,Nigeria
U00540,2025-03-01,Facebook Ads,iOS,Nigeria
U00541,2025-04-11,Facebook Ads,iOS,Nigeria
U00542,2025-04-07,Google Ads,iOS,Nigeria
U00543,2025-01-08,Google Ads,iOS,Nigeria
U00544,2025-02-22,Referral,iOS,Nigeria
U00545,2025-03-01,Facebook Ads,iOS,Nigeria
U00546,2025-04-18,Google Ads,Android,Nigeria
U00547,2025-04-18,Google Ads,Android,Nigeria
U00548,2025-01-05,Referral,Android,Nigeria
U00549,2025-04-13,Referral,iOS,Nigeria
U00550,2025-03-09,Google Ads,iOS,Nigeria
U00551,2025-01-06,Referral,iOS,Nigeria
U00552,2025-04-19,Facebook Ads,iOS,Nigeria
U00553,2025-04-06,Google Ads,Android,Nigeria
U00554,2025-04-26,Facebook Ads,Android,Nigeria
U00555,2025-04-04,Google Ads,Android,Nigeria
U00556,2025-02-16,Referral,Android,Nigeria
U00557,2025-04-09,Referral,Android,Nigeria
U00558,2025-02-24,Facebook Ads,iOS,Nigeria
U00559,2025-02-09,Google Ads,iOS,Nigeria
U00560,2025-02-21,Google Ads,Android,Nigeria
U00561,2025-01-16,Facebook Ads,Android,Nigeria
U00562,2025-01-13,Facebook Ads,Android,Nigeria
U00563,2025-04-24,Facebook Ads,Android,Nigeria
U00564,2025-04-16,Facebook Ads,Android,Nigeria
U00565,2025-01-30,Facebook Ads,Android,Nigeria
U00566,2025-01-19,Facebook Ads,Android,Nigeria
U00567,2025-01-17,Facebook Ads,Android,Nigeria
U00568,2025-04-30,Referral,iOS,Nigeria
U00569,2025-03-04,Google Ads,Android,Nigeria
U00570,2025-01-19,Organic,Android,Nigeria
U00571,2025-04-02,Google Ads,Android,Nigeria
U00572,2025-02-27,Referral,Android,Nigeria
U00573,2025-02-24,Referral,Android,Nigeria
U00574,2025-03-31,Google Ads,iOS,Nigeria
U00575,2025-04-11,Google Ads,Android,Nigeria
U00576,2025-03-31,Referral,Android,Nigeria
U00577,2025-04-27,Facebook Ads,Android,Nigeria
U00578,2025-03-03,Facebook Ads,Android,Nigeria
U00579,2025-01-23,Google Ads,Android,Nigeria
U00580,2025-01-09,Google Ads,Android,Nigeria
U00581,2025-01-12,Facebook Ads,iOS,Nigeria
U00582,2025-04-27,Organic,iOS,Nigeria
U00583,2025-01-01,Google Ads,iOS,Nigeria
U00584,2025-02-27,Google Ads,Android,Nigeria
U00585,2025-01-01,Organic,Android,Nigeria
U00586,2025-04-21,Google Ads,iOS,Nigeria
U00587,2025-02-03,Organic,Android,Nigeria
U00588,2025-04-06,Google Ads,Android,Nigeria
U00589,2025-04-28,Facebook Ads,Android,Nigeria
U00590,2025-02-17,Referral,Android,Nigeria
U00591,2025-03-30,Google Ads,Android,Nigeria
U00592,2025-04-14,Referral,Android,Nigeria
U00593,2025-04-19,Organic,Android,Nigeria
U00594,2025-04-27,Referral,iOS,Nigeria
U00595,2025-01-01,Google Ads,Android,Nigeria
U00596,2025-01-16,Referral,Android,Nigeria
U00597,2025-03-02,Google Ads,Android,Nigeria
U00598,2025-04-13,Google Ads,Android,Nigeria
U00599,2025-03-05,Referral,Android,Nigeria
U00600,2025-03-04,Facebook Ads,iOS,Nigeria
U00601,2025-03-10,Referral,Android,Nigeria
U00602,2025-01-22,Referral,iOS,Nigeria
U00603,2025-04-03,Referral,Android,Nigeria
U00604,2025-04-29,Google Ads,Android,Nigeria
U00605,2025-03-08,Referral,iOS,Nigeria
U00606,2025-03-17,Google Ads,Android,Nigeria
U00607,2025-01-26,Referral,Android,Nigeria
U00608,2025-01-16,Facebook Ads,Android,Nigeria
U00609,2025-02-20,Facebook Ads,Android,Nigeria
U00610,2025-04-11,Facebook Ads,Android,Nigeria
U00611,2025-03-27,Google Ads,Android,Nigeria
U00612,2025-02-26,Google Ads,Android,Nigeria
U00613,2025-01-29,Referral,Android,Nigeria
U00614,2025-03-19,Google Ads,iOS,Nigeria
U00615,2025-04-02,Google Ads,iOS,Nigeria
U00616,2025-03-10,Facebook Ads,iOS,Nigeria
U00617,2025-02-16,Google Ads,Android,Nigeria
U00618,2025-04-23,Google Ads,iOS,Nigeria
U00619,2025-04-04,Facebook Ads,Android,Nigeria
U00620,2025-04-20,Facebook Ads,iOS,Nigeria
U00621,2025-03-03,Facebook Ads,Android,Nigeria
U00622,2025-04-26,Facebook Ads,Android,Nigeria
U00623,2025-03-10,Google Ads,iOS,Nigeria
U00624,2025-03-17,Facebook Ads,Android,Nigeria
U00625,2025-01-16,Referral,Android,Nigeria
U00626,2025-03-31,Referral,iOS,Nigeria
U00627,2025-03-31,Google Ads,iOS,Nigeria
U00628,2025-02-17,Organic,iOS,Nigeria
U00629,2025-03-26,Google Ads,Android,Nigeria
U00630,2025-02-08,Google Ads,Android,Nigeria
U00631,2025-04-10,Organic,Android,Nigeria
U00632,2025-02-02,Facebook Ads,Android,Nigeria
U00633,2025-04-04,Organic,Android,Nigeria
U00634,2025-04-11,Facebook Ads,Android,Nigeria
U00635,2025-01-23,Google Ads,Android,Nigeria
U00636,2025-01-10,Facebook Ads,Android,Nigeria
U00637,2025-04-28,Referral,iOS,Nigeria
U00638,2025-03-10,Google Ads,iOS,Nigeria
U00639,2025-04-10,Referral,iOS,Nigeria
U00640,2025-02-03,Facebook Ads,iOS,Nigeria
U00641,2025-02-21,Facebook Ads,Android,Nigeria
U00642,2025-04-05,Facebook Ads,iOS,Nigeria
U00643,2025-01-10,Facebook Ads,Android,Nigeria
U00644,2025-01-19,Organic,iOS,Nigeria
U00645,2025-02-27,Facebook Ads,iOS,Nigeria
U00646,2025-04-06,Referral,iOS,Nigeria
U00647,2025-01-01,Referral,Android,Nigeria
U00648,2025-04-30,Facebook Ads,Android,Nigeria
U00649,2025-03-10,Google Ads,Android,Nigeria
U00650,2025-04-19,Facebook Ads,Android,Nigeria
U00651,2025-01-04,Facebook Ads,Android,Nigeria
U00652,2025-01-16,Facebook Ads,Android,Nigeria
U00653,2025-01-24,Google Ads,Android,Nigeria
U00654,2025-03-21,Google Ads,Android,Nigeria
U00655,2025-04-29,Google Ads,iOS,Nigeria
U00656,2025-01-02,Google Ads,Android,Nigeria
U00657,2025-04-23,Facebook Ads,Android,Nigeria
U00658,2025-04-02,Google Ads,iOS,Nigeria
U00659,2025-02-01,Referral,Android,Nigeria
U00660,2025-04-01,Facebook Ads,iOS,Nigeria
U00661,2025-03-25,Facebook Ads,Android,Nigeria
U00662,2025-01-24,Referral,Android,Nigeria
U00663,2025-01-12,Facebook Ads,Android,Nigeria
U00664,2025-02-19,Google Ads,Android,Nigeria
U00665,2025-02-04,Facebook Ads,Android,Nigeria
U00666,2025-02-02,Facebook Ads,Android,Nigeria
U00667,2025-02-02,Facebook Ads,Android,Nigeria
U00668,2025-03-02,Facebook Ads,Android,Nigeria
U00669,2025-02-20,Google Ads,Android,Nigeria
U00670,2025-02-12,Google Ads,Android,Nigeria
U00671,2025-04-11,Referral,Android,Nigeria
U00672,2025-01-12,Referral,Android,Nigeria
U00673,2025-03-08,Google Ads,Android,Nigeria
U00674,2025-03-06,Referral,Android,Nigeria
U00675,2025-02-02,Facebook Ads,Android,Nigeria
U00676,2025-02-09,Google Ads,iOS,Nigeria
U00677,2025-03-15,Referral,Android,Nigeria
U00678,2025-02-12,Facebook Ads,iOS,Nigeria
U00679,2025-02-13,Google Ads,iOS,Nigeria
U00680,2025-01-29,Facebook Ads,Android,Nigeria
U00681,2025-01-13,Google Ads,Android,Nigeria
U00682,2025-01-12,Referral,iOS,Nigeria
U00683,2025-04-05,Referral,iOS,Nigeria
U00684,2025-02-15,Referral,Android,Nigeria
U00685,2025-01-02,Referral,iOS,Nigeria
U00686,2025-04-25,Google Ads,iOS,Nigeria
U00687,2025-04-24,Google Ads,Android,Nigeria
U00688,2025-02-04,Facebook Ads,iOS,Nigeria
U00689,2025-03-28,Google Ads,Android,Nigeria
U00690,2025-03-22,Google Ads,Android,Nigeria
U00691,2025-03-31,Organic,iOS,Nigeria
U00692,2025-01-08,Google Ads,iOS,Nigeria
U00693,2025-04-03,Google Ads,Android,Nigeria
U00694,2025-01-26,Google Ads,Android,Nigeria
U00695,2025-03-15,Google Ads,Android,Nigeria
U00696,2025-03-31,Referral,iOS,Nigeria
U00697,2025-02-03,Facebook Ads,Android,Nigeria
U00698,2025-04-25,Google Ads,iOS,Nigeria
U00699,2025-04-15,Referral,iOS,Nigeria
U00700,2025-01-07,Google Ads,Android,Nigeria
U00701,2025-03-09,Facebook Ads,Android,Nigeria
U00702,2025-02-27,Google Ads,Android,Nigeria
U00703,2025-04-27,Referral,Android,Nigeria
U00704,2025-04-24,Facebook Ads,Android,Nigeria
U00705,2025-04-19,Referral,Android,Nigeria
U00706,2025-03-16,Referral,Android,Nigeria
U00707,2025-01-29,Google Ads,Android,Nigeria
U00708,2025-04-30,Organic,Android,Nigeria
U00709,2025-02-05,Referral,Android,Nigeria
U00710,2025-03-30,Referral,Android,Nigeria
U00711,2025-01-21,Referral,Android,Nigeria
U00712,2025-02-05,Facebook Ads,Android,Nigeria
U00713,2025-01-10,Facebook Ads,Android,Nigeria
U00714,2025-04-11,Google Ads,Android,Nigeria
U00715,2025-03-14,Facebook Ads,iOS,Nigeria
U00716,2025-01-24,Google Ads,Android,Nigeria
U00717,2025-03-05,Referral,Android,Nigeria
U00718,2025-04-09,Referral,iOS,Nigeria
U00719,2025-02-18,Google Ads,Android,Nigeria
U00720,2025-04-09,Referral,Android,Nigeria
U00721,2025-04-22,Referral,iOS,Nigeria
U00722,2025-02-05,Google Ads,iOS,Nigeria
U00723,2025-03-23,Facebook Ads,iOS,Nigeria
U00724,2025-04-23,Google Ads,iOS,Nigeria
U00725,2025-04-13,Referral,Android,Nigeria
U00726,2025-04-06,Google Ads,Android,Nigeria
U00727,2025-01-24,Google Ads,Android,Nigeria
U00728,2025-01-23,Facebook Ads,Android,Nigeria
U00729,2025-03-03,Referral,Android,Nigeria
U00730,2025-04-06,Referral,iOS,Nigeria
U00731,2025-02-06,Referral,Android,Nigeria
U00732,2025-01-12,Organic,Android,Nigeria
U00733,2025-04-23,Referral,iOS,Nigeria
U00734,2025-02-24,Organic,iOS,Nigeria
U00735,2025-01-13,Organic,Android,Nigeria
U00736,2025-01-23,Referral,iOS,Nigeria
U00737,2025-03-30,Google Ads,iOS,Nigeria
U00738,2025-04-09,Facebook Ads,Android,Nigeria
U00739,2025-04-15,Google Ads,Android,Nigeria
U00740,2025-01-30,Google Ads,Android,Nigeria
U00741,2025-01-17,Facebook Ads,Android,Nigeria
U00742,2025-04-23,Facebook Ads,Android,Nigeria
U00743,2025-03-03,Organic,iOS,Nigeria
U00744,2025-03-25,Referral,iOS,Nigeria
U00745,2025-04-22,Referral,iOS,Nigeria
U00746,2025-03-30,Google Ads,iOS,Nigeria
U00747,2025-03-27,Facebook Ads,iOS,Nigeria
U00748,2025-01-13,Facebook Ads,Android,Nigeria
U00749,2025-02-28,Facebook Ads,Android,Nigeria
U00750,2025-01-19,Facebook Ads,iOS,Nigeria
U00751,2025-02-18,Facebook Ads,Android,Nigeria
U00752,2025-04-10,Organic,Android,Nigeria
U00753,2025-01-12,Referral,Android,Nigeria
U00754,2025-03-02,Facebook Ads,iOS,Nigeria
U00755,2025-04-15,Facebook Ads,Android,Nigeria
U00756,2025-01-19,Google Ads,iOS,Nigeria
U00757,2025-03-17,Facebook Ads,Android,Nigeria
U00758,2025-01-09,Organic,Android,Nigeria
U00759,2025-03-12,Google Ads,Android,Nigeria
U00760,2025-01-28,Google Ads,iOS,Nigeria
U00761,2025-03-19,Facebook Ads,Android,Nigeria
U00762,2025-04-05,Facebook Ads,iOS,Nigeria
U00763,2025-02-21,Google Ads,Android,Nigeria
U00764,2025-03-24,Referral,Android,Nigeria
U00765,2025-04-21,Google Ads,Android,Nigeria
U00766,2025-01-16,Facebook Ads,Android,Nigeria
U00767,2025-04-27,Google Ads,Android,Nigeria
U00768,2025-03-10,Google Ads,Android,Nigeria
U00769,2025-04-09,Referral,iOS,Nigeria
U00770,2025-01-12,Facebook Ads,Android,Nigeria
U00771,2025-01-25,Facebook Ads,Android,Nigeria
U00772,2025-02-21,Google Ads,iOS,Nigeria
U00773,2025-03-26,Google Ads,Android,Nigeria
U00774,2025-04-10,Google Ads,Android,Nigeria
U00775,2025-02-22,Google Ads,Android,Nigeria
U00776,2025-01-23,Google Ads,Android,Nigeria
U00777,2025-01-16,Referral,Android,Nigeria
U00778,2025-02-26,Google Ads,iOS,Nigeria
U00779,2025-02-08,Organic,Android,Nigeria
U00780,2025-04-19,Google Ads,Android,Nigeria
U00781,2025-02-22,Organic,Android,Nigeria
U00782,2025-02-11,Referral,iOS,Nigeria
U00783,2025-02-27,Facebook Ads,Android,Nigeria
U00784,2025-02-08,Referral,iOS,Nigeria
U00785,2025-01-14,Facebook Ads,iOS,Nigeria
U00786,2025-04-05,Organic,iOS,Nigeria
U00787,2025-01-05,Google Ads,iOS,Nigeria
U00788,2025-02-04,Facebook Ads,Android,Nigeria
U00789,2025-03-28,Google Ads,iOS,Nigeria
U00790,2025-04-03,Organic,Android,Nigeria
U00791,2025-04-17,Facebook Ads,iOS,Nigeria
U00792,2025-03-16,Google Ads,Android,Nigeria
U00793,2025-01-18,Referral,iOS,Nigeria
U00794,2025-04-21,Referral,Android,Nigeria
U00795,2025-03-17,Google Ads,Android,Nigeria
U00796,2025-01-09,Facebook Ads,iOS,Nigeria
U00797,2025-03-15,Facebook Ads,Android,Nigeria
U00798,2025-02-27,Google Ads,Android,Nigeria
U00799,2025-04-18,Google Ads,Android,Nigeria
U00800,2025-01-17,Organic,iOS,Nigeria
U00801,2025-04-12,Facebook Ads,Android,Nigeria
U00802,2025-01-07,Google Ads,Android,Nigeria
U00803,2025-02-15,Facebook Ads,Android,Nigeria
U00804,2025-01-13,Facebook Ads,Android,Nigeria
U00805,2025-02-09,Google Ads,iOS,Nigeria
U00806,2025-02-11,Google Ads,iOS,Nigeria
U00807,2025-01-09,Google Ads,Android,Nigeria
U00808,2025-02-19,Organic,Android,Nigeria
U00809,2025-01-27,Google Ads,iOS,Nigeria
U00810,2025-03-07,Organic,Android,Nigeria
U00811,2025-01-05,Referral,Android,Nigeria
U00812,2025-01-29,Google Ads,Android,Nigeria
U00813,2025-02-06,Referral,Android,Nigeria
U00814,2025-02-07,Google Ads,Android,Nigeria
U00815,2025-03-24,Facebook Ads,Android,Nigeria
U00816,2025-01-08,Referral,Android,Nigeria
U00817,2025-04-22,Facebook Ads,Android,Nigeria
U00818,2025-04-19,Google Ads,iOS,Nigeria
U00819,2025-03-06,Referral,Android,Nigeria
U00820,2025-03-27,Facebook Ads,iOS,Nigeria
U00821,2025-04-26,Facebook Ads,Android,Nigeria
U00822,2025-01-17,Organic,iOS,Nigeria
U00823,2025-03-12,Google Ads,iOS,Nigeria
U00824,2025-03-30,Facebook Ads,iOS,Nigeria
U00825,2025-02-14,Google Ads,iOS,Nigeria
U00826,2025-01-04,Google Ads,Android,Nigeria
U00827,2025-02-05,Google Ads,Android,Nigeria
U00828,2025-03-11,Organic,Android,Nigeria
U00829,2025-01-31,Google Ads,Android,Nigeria
U00830,2025-01-19,Facebook Ads,Android,Nigeria
U00831,2025-03-02,Referral,iOS,Nigeria
U00832,2025-04-18,Referral,Android,Nigeria
U00833,2025-02-23,Facebook Ads,Android,Nigeria
U00834,2025-02-08,Facebook Ads,iOS,Nigeria
U00835,2025-04-01,Facebook Ads,Android,Nigeria
U00836,2025-03-15,Google Ads,Android,Nigeria
U00837,2025-03-31,Google Ads,iOS,Nigeria
U00838,2025-01-19,Google Ads,Android,Nigeria
U00839,2025-02-08,Organic,Android,Nigeria
U00840,2025-03-08,Referral,iOS,Nigeria
U00841,2025-02-14,Facebook Ads,iOS,Nigeria
U00842,2025-01-13,Facebook Ads,iOS,Nigeria
U00843,2025-04-24,Google Ads,Android,Nigeria
U00844,2025-04-02,Facebook Ads,iOS,Nigeria
U00845,2025-02-27,Google Ads,Android,Nigeria
U00846,2025-01-20,Referral,Android,Nigeria
U00847,2025-04-02,Facebook Ads,Android,Nigeria
U00848,2025-03-13,Google Ads,Android,Nigeria
U00849,2025-03-02,Referral,Android,Nigeria
U00850,2025-04-15,Google Ads,Android,Nigeria
U00851,2025-02-08,Facebook Ads,Android,Nigeria
U00852,2025-01-01,Google Ads,Android,Nigeria
U00853,2025-01-03,Facebook Ads,iOS,Nigeria
U00854,2025-03-18,Organic,Android,Nigeria
U00855,2025-04-02,Facebook Ads,Android,Nigeria
U00856,2025-03-03,Google Ads,Android,Nigeria
U00857,2025-03-04,Google Ads,Android,Nigeria
U00858,2025-04-23,Organic,Android,Nigeria
U00859,2025-01-25,Facebook Ads,Android,Nigeria
U00860,2025-02-25,Facebook Ads,Android,Nigeria
U00861,2025-02-02,Facebook Ads,iOS,Nigeria
U00862,2025-02-07,Facebook Ads,Android,Nigeria
U00863,2025-04-27,Facebook Ads,Android,Nigeria
U00864,2025-01-06,Google Ads,Android,Nigeria
U00865,2025-02-27,Facebook Ads,Android,Nigeria
U00866,2025-02-13,Facebook Ads,Android,Nigeria
U00867,2025-02-14,Referral,Android,Nigeria
U00868,2025-02-01,Facebook Ads,Android,Nigeria
U00869,2025-02-14,Facebook Ads,iOS,Nigeria
U00870,2025-03-02,Facebook Ads,iOS,Nigeria
U00871,2025-02-16,Organic,Android,Nigeria
U00872,2025-01-21,Facebook Ads,iOS,Nigeria
U00873,2025-03-21,Referral,Android,Nigeria
U00874,2025-04-28,Referral,iOS,Nigeria
U00875,2025-03-26,Facebook Ads,Android,Nigeria
U00876,2025-03-16,Organic,Android,Nigeria
U00877,2025-04-11,Facebook Ads,iOS,Nigeria
U00878,2025-02-05,Facebook Ads,iOS,Nigeria
U00879,2025-04-09,Referral,iOS,Nigeria
U00880,2025-01-19,Referral,Android,Nigeria
U00881,2025-01-20,Google Ads,iOS,Nigeria
U00882,2025-02-26,Facebook Ads,iOS,Nigeria
U00883,2025-01-18,Google Ads,Android,Nigeria
U00884,2025-02-16,Referral,Android,Nigeria
U00885,2025-04-15,Facebook Ads,Android,Nigeria
U00886,2025-02-18,Facebook Ads,iOS,Nigeria
U00887,2025-01-14,Facebook Ads,Android,Nigeria
U00888,2025-01-15,Facebook Ads,Android,Nigeria
U00889,2025-01-31,Referral,Android,Nigeria
U00890,2025-01-01,Google Ads,Android,Nigeria
U00891,2025-04-27,Organic,Android,Nigeria
U00892,2025-02-23,Facebook Ads,Android,Nigeria
U00893,2025-04-28,Referral,iOS,Nigeria
U00894,2025-01-03,Facebook Ads,Android,Nigeria
U00895,2025-01-16,Facebook Ads,iOS,Nigeria
U00896,2025-03-28,Facebook Ads,Android,Nigeria
U00897,2025-02-26,Facebook Ads,Android,Nigeria
U00898,2025-03-16,Google Ads,Android,Nigeria
U00899,2025-01-12,Organic,Android,Nigeria
U00900,2025-03-15,Google Ads,Android,Nigeria
U00901,2025-04-06,Facebook Ads,iOS,Nigeria
U00902,2025-01-16,Facebook Ads,Android,Nigeria
U00903,2025-03-13,Facebook Ads,Android,Nigeria
U00904,2025-04-12,Google Ads,Android,Nigeria
U00905,2025-03-17,Referral,Android,Nigeria
U00906,2025-01-24,Organic,iOS,Nigeria
U00907,2025-01-28,Facebook Ads,Android,Nigeria
U00908,2025-04-27,Google Ads,Android,Nigeria
U00909,2025-01-08,Google Ads,Android,Nigeria
U00910,2025-04-02,Google Ads,Android,Nigeria
U00911,2025-02-05,Google Ads,Android,Nigeria
U00912,2025-03-31,Google Ads,Android,Nigeria
U00913,2025-01-08,Google Ads,Android,Nigeria
U00914,2025-02-27,Facebook Ads,Android,Nigeria
U00915,2025-03-01,Referral,Android,Nigeria
U00916,2025-02-19,Facebook Ads,iOS,Nigeria
U00917,2025-01-28,Google Ads,Android,Nigeria
U00918,2025-04-02,Google Ads,iOS,Nigeria
U00919,2025-04-11,Google Ads,iOS,Nigeria
U00920,2025-02-10,Organic,Android,Nigeria
U00921,2025-04-10,Referral,Android,Nigeria
U00922,2025-03-05,Referral,Android,Nigeria
U00923,2025-01-27,Google Ads,iOS,Nigeria
U00924,2025-04-28,Referral,Android,Nigeria
U00925,2025-03-04,Google Ads,Android,Nigeria
U00926,2025-01-17,Referral,Android,Nigeria
U00927,2025-03-14,Google Ads,iOS,Nigeria
U00928,2025-02-02,Organic,Android,Nigeria
U00929,2025-04-27,Organic,Android,Nigeria
U00930,2025-03-25,Referral,Android,Nigeria
U00931,2025-03-18,Facebook Ads,Android,Nigeria
U00932,2025-04-02,Facebook Ads,Android,Nigeria
U00933,2025-04-22,Referral,iOS,Nigeria
U00934,2025-01-29,Facebook Ads,iOS,Nigeria
U00935,2025-01-13,Referral,iOS,Nigeria
U00936,2025-02-15,Google Ads,Android,Nigeria
U00937,2025-02-04,Google Ads,Android,Nigeria
U00938,2025-01-06,Organic,Android,Nigeria
U00939,2025-03-23,Google Ads,Android,Nigeria
U00940,2025-04-25,Google Ads,Android,Nigeria
U00941,2025-03-10,Google Ads,Android,Nigeria
U00942,2025-02-16,Facebook Ads,Android,Nigeria
U00943,2025-01-25,Referral,Android,Nigeria
U00944,2025-03-07,Facebook Ads,Android,Nigeria
U00945,2025-01-10,Organic,iOS,Nigeria
U00946,2025-02-25,Referral,Android,Nigeria
U00947,2025-01-30,Facebook Ads,iOS,Nigeria
U00948,2025-04-24,Referral,iOS,Nigeria
U00949,2025-04-19,Google Ads,Android,Nigeria
U00950,2025-01-05,Facebook Ads,Android,Nigeria
U00951,2025-04-29,Organic,Android,Nigeria
U00952,2025-04-30,Facebook Ads,iOS,Nigeria
U00953,2025-02-02,Facebook Ads,Android,Nigeria
U00954,2025-04-28,Google Ads,iOS,Nigeria
U00955,2025-03-06,Google Ads,Android,Nigeria
U00956,2025-01-18,Google Ads,iOS,Nigeria
U00957,2025-04-06,Referral,iOS,Nigeria
U00958,2025-04-21,Google Ads,Android,Nigeria
U00959,2025-02-18,Google Ads,Android,Nigeria
U00960,2025-01-11,Facebook Ads,Android,Nigeria
U00961,2025-03-26,Facebook Ads,Android,Nigeria
U00962,2025-01-26,Facebook Ads,Android,Nigeria
U00963,2025-03-04,Facebook Ads,iOS,Nigeria
U00964,2025-03-30,Google Ads,Android,Nigeria
U00965,2025-03-27,Facebook Ads,iOS,Nigeria
U00966,2025-02-28,Facebook Ads,iOS,Nigeria
U00967,2025-01-27,Facebook Ads,Android,Nigeria
U00968,2025-02-18,Organic,iOS,Nigeria
U00969,2025-03-18,Organic,Android,Nigeria
U00970,2025-02-02,Google Ads,iOS,Nigeria
U00971,2025-04-08,Organic,Android,Nigeria
U00972,2025-04-15,Referral,Android,Nigeria
U00973,2025-04-09,Google Ads,Android,Nigeria
U00974,2025-01-01,Facebook Ads,Android,Nigeria
U00975,2025-01-21,Referral,Android,Nigeria
U00976,2025-04-22,Referral,Android,Nigeria
U00977,2025-02-24,Google Ads,Android,Nigeria
U00978,2025-01-06,Referral,iOS,Nigeria
U00979,2025-04-02,Google Ads,Android,Nigeria
U00980,2025-03-22,Referral,Android,Nigeria
U00981,2025-03-10,Organic,Android,Nigeria
U00982,2025-04-05,Facebook Ads,iOS,Nigeria
U00983,2025-01-05,Referral,iOS,Nigeria
U00984,2025-04-12,Google Ads,Android,Nigeria
U00985,2025-01-03,Google Ads,Android,Nigeria
U00986,2025-02-22,Referral,Android,Nigeria
U00987,2025-01-23,Facebook Ads,Android,Nigeria
U00988,2025-04-11,Google Ads,iOS,Nigeria
U00989,2025-02-22,Facebook Ads,Android,Nigeria
U00990,2025-02-06,Google Ads,iOS,Nigeria
U00991,2025-03-15,Google Ads,Android,Nigeria
U00992,2025-03-15,Referral,iOS,Nigeria
U00993,2025-03-24,Facebook Ads,Android,Nigeria
U00994,2025-01-17,Google Ads,iOS,Nigeria
U00995,2025-03-26,Facebook Ads,iOS,Nigeria
U00996,2025-03-19,Referral,iOS,Nigeria
U00997,2025-03-14,Organic,Android,Nigeria
U00998,2025-04-20,Organic,Android,Nigeria
U00999,2025-01-01,Referral,Android,Nigeria
U01000,2025-02-20,Referral,Android,Nigeria
U01001,2025-02-14,Facebook Ads,Android,Nigeria
U01002,2025-03-18,Facebook Ads,Android,Nigeria
U01003,2025-01-04,Google Ads,Android,Nigeria
U01004,2025-03-03,Referral,Android,Nigeria
U01005,2025-03-06,Organic,Android,Nigeria
U01006,2025-04-23,Facebook Ads,Android,Nigeria
U01007,2025-04-14,Organic,Android,Nigeria
U01008,2025-02-01,Google Ads,Android,Nigeria
U01009,2025-02-03,Google Ads,Android,Nigeria
U01010,2025-04-02,Facebook Ads,Android,Nigeria
U01011,2025-04-05,Facebook Ads,iOS,Nigeria
U01012,2025-03-13,Google Ads,iOS,Nigeria
U01013,2025-02-08,Google Ads,iOS,Nigeria
U01014,2025-01-26,Facebook Ads,iOS,Nigeria
U01015,2025-02-03,Google Ads,Android,Nigeria
U01016,2025-02-23,Referral,Android,Nigeria
U01017,2025-04-28,Referral,Android,Nigeria
U01018,2025-01-03,Organic,Android,Nigeria
U01019,2025-02-19,Facebook Ads,Android,Nigeria
U01020,2025-01-12,Facebook Ads,Android,Nigeria
U01021,2025-03-06,Referral,Android,Nigeria
U01022,2025-02-23,Google Ads,Android,Nigeria
U01023,2025-04-18,Facebook Ads,iOS,Nigeria
U01024,2025-01-05,Facebook Ads,Android,Nigeria
U01025,2025-04-04,Google Ads,Android,Nigeria
U01026,2025-04-04,Facebook Ads,Android,Nigeria
U01027,2025-02-26,Facebook Ads,Android,Nigeria
U01028,2025-01-17,Facebook Ads,Android,Nigeria
U01029,2025-04-22,Facebook Ads,iOS,Nigeria
U01030,2025-02-16,Google Ads,Android,Nigeria
U01031,2025-01-23,Google Ads,Android,Nigeria
U01032,2025-03-20,Google Ads,Android,Nigeria
U01033,2025-04-11,Facebook Ads,Android,Nigeria
U01034,2025-03-26,Facebook Ads,iOS,Nigeria
U01035,2025-01-14,Google Ads,Android,Nigeria
U01036,2025-03-07,Google Ads,iOS,Nigeria
U01037,2025-03-16,Google Ads,iOS,Nigeria
U01038,2025-02-20,Facebook Ads,iOS,Nigeria
U01039,2025-04-13,Organic,Android,Nigeria
U01040,2025-02-07,Facebook Ads,Android,Nigeria
U01041,2025-03-05,Google Ads,Android,Nigeria
U01042,2025-04-08,Google Ads,Android,Nigeria
U01043,2025-02-07,Google Ads,iOS,Nigeria
U01044,2025-02-19,Facebook Ads,iOS,Nigeria
U01045,2025-04-08,Google Ads,iOS,Nigeria
U01046,2025-03-23,Referral,iOS,Nigeria
U01047,2025-01-30,Facebook Ads,Android,Nigeria
U01048,2025-03-20,Facebook Ads,Android,Nigeria
U01049,2025-04-01,Facebook Ads,Android,Nigeria
U01050,2025-02-20,Referral,iOS,Nigeria
U01051,2025-03-04,Facebook Ads,iOS,Nigeria
U01052,2025-04-08,Organic,Android,Nigeria
U01053,2025-02-21,Google Ads,iOS,Nigeria
U01054,2025-02-07,Organic,iOS,Nigeria
U01055,2025-04-07,Organic,iOS,Nigeria
U01056,2025-03-29,Google Ads,iOS,Nigeria
U01057,2025-03-20,Facebook Ads,Android,Nigeria
U01058,2025-01-30,Facebook Ads,Android,Nigeria
U01059,2025-04-29,Facebook Ads,Android,Nigeria
U01060,2025-04-16,Referral,Android,Nigeria
U01061,2025-02-20,Facebook Ads,Android,Nigeria
U01062,2025-03-22,Facebook Ads,Android,Nigeria
U01063,2025-01-05,Google Ads,iOS,Nigeria
U01064,2025-01-29,Organic,Android,Nigeria
U01065,2025-01-04,Facebook Ads,iOS,Nigeria
U01066,2025-01-10,Facebook Ads,Android,Nigeria
U01067,2025-02-25,Facebook Ads,Android,Nigeria
U01068,2025-01-17,Organic,Android,Nigeria
U01069,2025-03-15,Google Ads,Android,Nigeria
U01070,2025-01-17,Facebook Ads,Android,Nigeria
U01071,2025-03-25,Facebook Ads,Android,Nigeria
U01072,2025-03-29,Facebook Ads,Android,Nigeria
U01073,2025-03-10,Facebook Ads,Android,Nigeria
U01074,2025-02-03,Organic,Android,Nigeria
U01075,2025-01-06,Referral,iOS,Nigeria
U01076,2025-02-22,Google Ads,Android,Nigeria
U01077,2025-03-07,Referral,Android,Nigeria
U01078,2025-03-18,Facebook Ads,iOS,Nigeria
U01079,2025-04-17,Referral,Android,Nigeria
U01080,2025-02-12,Referral,iOS,Nigeria
U01081,2025-04-22,Facebook Ads,iOS,Nigeria
U01082,2025-03-16,Referral,iOS,Nigeria
U01083,2025-04-25,Facebook Ads,Android,Nigeria
U01084,2025-04-21,Facebook Ads,iOS,Nigeria
U01085,2025-01-23,Facebook Ads,iOS,Nigeria
U01086,2025-02-24,Google Ads,Android,Nigeria
U01087,2025-03-21,Referral,Android,Nigeria
U01088,2025-04-05,Organic,Android,Nigeria
U01089,2025-03-16,Google Ads,iOS,Nigeria
U01090,2025-04-28,Referral,Android,Nigeria
U01091,2025-01-16,Referral,iOS,Nigeria
U01092,2025-01-08,Facebook Ads,Android,Nigeria
U01093,2025-01-04,Google Ads,iOS,Nigeria
U01094,2025-04-14,Facebook Ads,Android,Nigeria
U01095,2025-01-04,Google Ads,Android,Nigeria
U01096,2025-02-25,Organic,Android,Nigeria
U01097,2025-01-25,Facebook Ads,Android,Nigeria
U01098,2025-03-08,Referral,Android,Nigeria
U01099,2025-04-06,Google Ads,Android,Nigeria
U01100,2025-03-08,Google Ads,Android,Nigeria
U01101,2025-01-27,Facebook Ads,iOS,Nigeria
U01102,2025-04-03,Facebook Ads,iOS,Nigeria
U01103,2025-02-01,Facebook Ads,Android,Nigeria
U01104,2025-02-19,Facebook Ads,Android,Nigeria
U01105,2025-03-02,Facebook Ads,Android,Nigeria
U01106,2025-02-20,Google Ads,iOS,Nigeria
U01107,2025-01-19,Facebook Ads,Android,Nigeria
U01108,2025-01-21,Referral,Android,Nigeria
U01109,2025-01-05,Google Ads,Android,Nigeria
U01110,2025-03-23,Google Ads,iOS,Nigeria
U01111,2025-04-02,Google Ads,Android,Nigeria
U01112,2025-02-11,Google Ads,iOS,Nigeria
U01113,2025-03-02,Organic,Android,Nigeria
U01114,2025-01-22,Facebook Ads,Android,Nigeria
U01115,2025-01-21,Facebook Ads,Android,Nigeria
U01116,2025-03-11,Referral,Android,Nigeria
U01117,2025-01-01,Facebook Ads,Android,Nigeria
U01118,2025-01-05,Facebook Ads,Android,Nigeria
U01119,2025-04-15,Facebook Ads,Android,Nigeria
U01120,2025-01-12,Facebook Ads,Android,Nigeria
U01121,2025-03-31,Google Ads,Android,Nigeria
U01122,2025-02-15,Facebook Ads,iOS,Nigeria
U01123,2025-02-03,Referral,Android,Nigeria
U01124,2025-02-18,Referral,Android,Nigeria
U01125,2025-03-19,Google Ads,Android,Nigeria
U01126,2025-03-31,Google Ads,Android,Nigeria
U01127,2025-02-14,Referral,Android,Nigeria
U01128,2025-01-27,Facebook Ads,Android,Nigeria
U01129,2025-03-14,Referral,Android,Nigeria
U01130,2025-01-26,Referral,Android,Nigeria
U01131,2025-02-16,Referral,iOS,Nigeria
U01132,2025-03-27,Google Ads,Android,Nigeria
U01133,2025-04-21,Facebook Ads,Android,Nigeria
U01134,2025-02-25,Google Ads,Android,Nigeria
U01135,2025-04-04,Referral,Android,Nigeria
U01136,2025-04-17,Facebook Ads,iOS,Nigeria
U01137,2025-03-04,Referral,Android,Nigeria
U01138,2025-02-17,Facebook Ads,Android,Nigeria
U01139,2025-03-02,Facebook Ads,Android,Nigeria
U01140,2025-03-22,Facebook Ads,Android,Nigeria
U01141,2025-01-26,Facebook Ads,Android,Nigeria
U01142,2025-02-05,Google Ads,Android,Nigeria
U01143,2025-01-01,Facebook Ads,Android,Nigeria
U01144,2025-01-08,Organic,Android,Nigeria
U01145,2025-04-23,Google Ads,Android,Nigeria
U01146,2025-04-09,Facebook Ads,Android,Nigeria
U01147,2025-02-21,Google Ads,Android,Nigeria
U01148,2025-03-20,Referral,iOS,Nigeria
U01149,2025-02-16,Referral,Android,Nigeria
U01150,2025-02-25,Facebook Ads,Android,Nigeria
U01151,2025-03-27,Referral,Android,Nigeria
U01152,2025-01-14,Referral,Android,Nigeria
U01153,2025-03-31,Facebook Ads,Android,Nigeria
U01154,2025-01-28,Facebook Ads,iOS,Nigeria
U01155,2025-03-28,Google Ads,iOS,Nigeria
U01156,2025-03-19,Facebook Ads,Android,Nigeria
U01157,2025-03-29,Referral,Android,Nigeria
U01158,2025-01-02,Facebook Ads,Android,Nigeria
U01159,2025-04-19,Organic,Android,Nigeria
U01160,2025-01-26,Google Ads,iOS,Nigeria
U01161,2025-01-14,Facebook Ads,Android,Nigeria
U01162,2025-02-28,Facebook Ads,Android,Nigeria
U01163,2025-02-25,Google Ads,Android,Nigeria
U01164,2025-04-25,Referral,Android,Nigeria
U01165,2025-01-07,Referral,iOS,Nigeria
U01166,2025-01-03,Facebook Ads,Android,Nigeria
U01167,2025-04-21,Facebook Ads,Android,Nigeria
U01168,2025-01-23,Facebook Ads,Android,Nigeria
U01169,2025-04-20,Google Ads,iOS,Nigeria
U01170,2025-04-17,Facebook Ads,iOS,Nigeria
U01171,2025-04-21,Google Ads,Android,Nigeria
U01172,2025-04-19,Google Ads,Android,Nigeria
U01173,2025-01-18,Organic,Android,Nigeria
U01174,2025-02-07,Facebook Ads,Android,Nigeria
U01175,2025-04-09,Facebook Ads,Android,Nigeria
U01176,2025-04-25,Google Ads,Android,Nigeria
U01177,2025-01-15,Google Ads,Android,Nigeria
U01178,2025-03-05,Facebook Ads,Android,Nigeria
U01179,2025-03-30,Organic,iOS,Nigeria
U01180,2025-04-29,Referral,Android,Nigeria
U01181,2025-04-11,Facebook Ads,Android,Nigeria
U01182,2025-01-28,Facebook Ads,Android,Nigeria
U01183,2025-03-15,Google Ads,Android,Nigeria
U01184,2025-02-08,Referral,Android,Nigeria
U01185,2025-02-26,Facebook Ads,iOS,Nigeria
U01186,2025-01-17,Google Ads,Android,Nigeria
U01187,2025-04-13,Google Ads,iOS,Nigeria
U01188,2025-03-27,Facebook Ads,Android,Nigeria
U01189,2025-03-31,Google Ads,Android,Nigeria
U01190,2025-02-13,Organic,Android,Nigeria
U01191,2025-01-25,Facebook Ads,Android,Nigeria
U01192,2025-01-17,Facebook Ads,Android,Nigeria
U01193,2025-01-13,Google Ads,iOS,Nigeria
U01194,2025-03-25,Referral,iOS,Nigeria
U01195,2025-01-25,Organic,iOS,Nigeria
U01196,2025-03-09,Google Ads,iOS,Nigeria
U01197,2025-01-10,Referral,iOS,Nigeria
U01198,2025-03-08,Google Ads,Android,Nigeria
U01199,2025-04-15,Google Ads,Android,Nigeria
U01200,2025-04-19,Facebook Ads,Android,Nigeria
U01201,2025-01-18,Facebook Ads,Android,Nigeria
U01202,2025-04-21,Facebook Ads,iOS,Nigeria
U01203,2025-04-10,Google Ads,Android,Nigeria
U01204,2025-04-21,Facebook Ads,Android,Nigeria
U01205,2025-03-27,Organic,iOS,Nigeria
U01206,2025-02-03,Facebook Ads,Android,Nigeria
U01207,2025-04-21,Facebook Ads,Android,Nigeria
U01208,2025-01-08,Google Ads,iOS,Nigeria
U01209,2025-02-09,Referral,iOS,Nigeria
U01210,2025-04-23,Facebook Ads,Android,Nigeria
U01211,2025-04-18,Facebook Ads,iOS,Nigeria
U01212,2025-03-24,Organic,iOS,Nigeria
U01213,2025-02-11,Facebook Ads,iOS,Nigeria
U01214,2025-02-10,Facebook Ads,iOS,Nigeria
U01215,2025-04-11,Referral,Android,Nigeria
U01216,2025-01-06,Facebook Ads,Android,Nigeria
U01217,2025-02-21,Google Ads,Android,Nigeria
U01218,2025-01-26,Facebook Ads,Android,Nigeria
U01219,2025-03-05,Facebook Ads,Android,Nigeria
U01220,2025-04-08,Facebook Ads,Android,Nigeria
U01221,2025-02-28,Facebook Ads,Android,Nigeria
U01222,2025-02-25,Facebook Ads,Android,Nigeria
U01223,2025-02-28,Facebook Ads,Android,Nigeria
U01224,2025-04-19,Referral,iOS,Nigeria
U01225,2025-03-11,Facebook Ads,Android,Nigeria
U01226,2025-04-11,Google Ads,Android,Nigeria
U01227,2025-02-02,Referral,Android,Nigeria
U01228,2025-02-22,Google Ads,Android,Nigeria
U01229,2025-01-22,Facebook Ads,iOS,Nigeria
U01230,2025-01-21,Organic,Android,Nigeria
U01231,2025-03-11,Facebook Ads,Android,Nigeria
U01232,2025-03-11,Facebook Ads,Android,Nigeria
U01233,2025-04-29,Referral,Android,Nigeria
U01234,2025-04-22,Google Ads,Android,Nigeria
U01235,2025-01-04,Google Ads,Android,Nigeria
U01236,2025-04-04,Facebook Ads,Android,Nigeria
U01237,2025-03-16,Google Ads,iOS,Nigeria
U01238,2025-03-03,Facebook Ads,Android,Nigeria
U01239,2025-03-03,Organic,Android,Nigeria
U01240,2025-04-04,Facebook Ads,Android,Nigeria
U01241,2025-04-05,Referral,Android,Nigeria
U01242,2025-01-24,Google Ads,Android,Nigeria
U01243,2025-02-24,Referral,Android,Nigeria
U01244,2025-01-09,Referral,iOS,Nigeria
U01245,2025-04-29,Google Ads,Android,Nigeria
U01246,2025-01-03,Facebook Ads,iOS,Nigeria
U01247,2025-04-25,Facebook Ads,Android,Nigeria
U01248,2025-01-31,Facebook Ads,iOS,Nigeria
U01249,2025-02-09,Referral,Android,Nigeria
U01250,2025-04-11,Referral,iOS,Nigeria
U01251,2025-02-05,Google Ads,Android,Nigeria
U01252,2025-01-24,Facebook Ads,iOS,Nigeria
U01253,2025-04-05,Facebook Ads,iOS,Nigeria
U01254,2025-01-06,Google Ads,Android,Nigeria
U01255,2025-03-07,Google Ads,Android,Nigeria
U01256,2025-03-25,Referral,iOS,Nigeria
U01257,2025-04-02,Organic,Android,Nigeria
U01258,2025-03-16,Facebook Ads,Android,Nigeria
U01259,2025-01-04,Google Ads,iOS,Nigeria
U01260,2025-03-20,Google Ads,Android,Nigeria
U01261,2025-01-06,Facebook Ads,Android,Nigeria
U01262,2025-04-28,Facebook Ads,Android,Nigeria
U01263,2025-04-23,Facebook Ads,iOS,Nigeria
U01264,2025-04-04,Referral,Android,Nigeria
U01265,2025-04-30,Google Ads,Android,Nigeria
U01266,2025-04-12,Google Ads,Android,Nigeria
U01267,2025-02-20,Organic,iOS,Nigeria
U01268,2025-03-03,Referral,Android,Nigeria
U01269,2025-02-26,Facebook Ads,Android,Nigeria
U01270,2025-03-07,Google Ads,Android,Nigeria
U01271,2025-03-20,Google Ads,iOS,Nigeria
U01272,2025-03-16,Referral,iOS,Nigeria
U01273,2025-01-08,Referral,Android,Nigeria
U01274,2025-01-26,Google Ads,Android,Nigeria
U01275,2025-02-20,Facebook Ads,iOS,Nigeria
U01276,2025-02-14,Referral,Android,Nigeria
U01277,2025-02-13,Facebook Ads,Android,Nigeria
U01278,2025-01-05,Facebook Ads,iOS,Nigeria
U01279,2025-03-11,Facebook Ads,iOS,Nigeria
U01280,2025-01-26,Facebook Ads,Android,Nigeria
U01281,2025-04-28,Facebook Ads,Android,Nigeria
U01282,2025-03-09,Referral,Android,Nigeria
U01283,2025-01-19,Organic,Android,Nigeria
U01284,2025-03-25,Facebook Ads,iOS,Nigeria
U01285,2025-04-07,Facebook Ads,iOS,Nigeria
U01286,2025-01-20,Facebook Ads,iOS,Nigeria
U01287,2025-04-23,Facebook Ads,Android,Nigeria
U01288,2025-01-12,Facebook Ads,Android,Nigeria
U01289,2025-02-16,Organic,Android,Nigeria
U01290,2025-01-01,Facebook Ads,Android,Nigeria
U01291,2025-03-31,Google Ads,iOS,Nigeria
U01292,2025-01-14,Facebook Ads,Android,Nigeria
U01293,2025-03-05,Referral,Android,Nigeria
U01294,2025-02-07,Referral,Android,Nigeria
U01295,2025-02-06,Organic,iOS,Nigeria
U01296,2025-01-11,Referral,iOS,Nigeria
U01297,2025-04-10,Facebook Ads,iOS,Nigeria
U01298,2025-03-18,Facebook Ads,Android,Nigeria
U01299,2025-04-17,Google Ads,Android,Nigeria
U01300,2025-01-03,Facebook Ads,Android,Nigeria
U01301,2025-02-02,Google Ads,Android,Nigeria
U01302,2025-01-06,Facebook Ads,Android,Nigeria
U01303,2025-02-19,Facebook Ads,Android,Nigeria
U01304,2025-04-30,Google Ads,Android,Nigeria
U01305,2025-01-10,Google Ads,Android,Nigeria
U01306,2025-01-05,Referral,Android,Nigeria
U01307,2025-01-23,Facebook Ads,Android,Nigeria
U01308,2025-01-10,Google Ads,Android,Nigeria
U01309,2025-02-13,Facebook Ads,Android,Nigeria
U01310,2025-01-02,Facebook Ads,Android,Nigeria
U01311,2025-01-13,Google Ads,Android,Nigeria
U01312,2025-02-09,Facebook Ads,iOS,Nigeria
U01313,2025-01-02,Facebook Ads,iOS,Nigeria
U01314,2025-03-25,Facebook Ads,Android,Nigeria
U01315,2025-03-06,Facebook Ads,Android,Nigeria
U01316,2025-03-04,Facebook Ads,Android,Nigeria
U01317,2025-04-11,Facebook Ads,iOS,Nigeria
U01318,2025-03-14,Facebook Ads,iOS,Nigeria
U01319,2025-01-17,Facebook Ads,Android,Nigeria
U01320,2025-01-09,Google Ads,Android,Nigeria
U01321,2025-03-16,Facebook Ads,Android,Nigeria
U01322,2025-01-15,Facebook Ads,Android,Nigeria
U01323,2025-01-24,Facebook Ads,Android,Nigeria
U01324,2025-02-07,Google Ads,Android,Nigeria
U01325,2025-04-29,Referral,Android,Nigeria
U01326,2025-02-04,Referral,Android,Nigeria
U01327,2025-04-04,Referral,iOS,Nigeria
U01328,2025-04-05,Google Ads,iOS,Nigeria
U01329,2025-02-18,Google Ads,Android,Nigeria
U01330,2025-03-10,Google Ads,Android,Nigeria
U01331,2025-03-03,Facebook Ads,Android,Nigeria
U01332,2025-03-01,Facebook Ads,Android,Nigeria
U01333,2025-04-18,Facebook Ads,Android,Nigeria
U01334,2025-02-19,Organic,Android,Nigeria
U01335,2025-03-19,Google Ads,iOS,Nigeria
U01336,2025-04-27,Referral,Android,Nigeria
U01337,2025-04-30,Facebook Ads,Android,Nigeria
U01338,2025-03-16,Google Ads,Android,Nigeria
U01339,2025-01-09,Facebook Ads,Android,Nigeria
U01340,2025-02-03,Facebook Ads,Android,Nigeria
U01341,2025-03-17,Referral,iOS,Nigeria
U01342,2025-04-09,Google Ads,iOS,Nigeria
U01343,2025-02-04,Facebook Ads,Android,Nigeria
U01344,2025-01-01,Referral,Android,Nigeria
U01345,2025-02-09,Facebook Ads,iOS,Nigeria
U01346,2025-03-05,Organic,Android,Nigeria
U01347,2025-01-22,Facebook Ads,iOS,Nigeria
U01348,2025-03-01,Facebook Ads,Android,Nigeria
U01349,2025-03-05,Facebook Ads,Android,Nigeria
U01350,2025-04-03,Facebook Ads,Android,Nigeria
U01351,2025-03-13,Facebook Ads,Android,Nigeria
U01352,2025-01-11,Google Ads,iOS,Nigeria
U01353,2025-04-15,Referral,Android,Nigeria
U01354,2025-04-11,Referral,Android,Nigeria
U01355,2025-01-14,Facebook Ads,Android,Nigeria
U01356,2025-03-01,Google Ads,iOS,Nigeria
U01357,2025-01-30,Facebook Ads,Android,Nigeria
U01358,2025-02-04,Facebook Ads,iOS,Nigeria
U01359,2025-03-26,Google Ads,Android,Nigeria
U01360,2025-02-06,Google Ads,Android,Nigeria
U01361,2025-01-05,Facebook Ads,Android,Nigeria
U01362,2025-03-24,Facebook Ads,Android,Nigeria
U01363,2025-03-19,Organic,Android,Nigeria
U01364,2025-01-26,Facebook Ads,Android,Nigeria
U01365,2025-03-03,Google Ads,Android,Nigeria
U01366,2025-01-04,Google Ads,Android,Nigeria
U01367,2025-03-30,Facebook Ads,Android,Nigeria
U01368,2025-04-19,Facebook Ads,Android,Nigeria
U01369,2025-02-11,Facebook Ads,iOS,Nigeria
U01370,2025-03-30,Referral,Android,Nigeria
U01371,2025-01-18,Google Ads,iOS,Nigeria
U01372,2025-02-09,Google Ads,Android,Nigeria
U01373,2025-03-13,Organic,Android,Nigeria
U01374,2025-02-08,Referral,Android,Nigeria
U01375,2025-04-14,Google Ads,Android,Nigeria
U01376,2025-01-14,Google Ads,Android,Nigeria
U01377,2025-02-01,Google Ads,Android,Nigeria
U01378,2025-02-20,Google Ads,Android,Nigeria
U01379,2025-02-07,Google Ads,Android,Nigeria
U01380,2025-04-07,Google Ads,iOS,Nigeria
U01381,2025-01-23,Facebook Ads,iOS,Nigeria
U01382,2025-03-04,Google Ads,Android,Nigeria
U01383,2025-01-15,Facebook Ads,Android,Nigeria
U01384,2025-04-07,Facebook Ads,iOS,Nigeria
U01385,2025-01-25,Facebook Ads,iOS,Nigeria
U01386,2025-01-17,Google Ads,Android,Nigeria
U01387,2025-04-07,Google Ads,Android,Nigeria
U01388,2025-04-21,Facebook Ads,iOS,Nigeria
U01389,2025-04-29,Google Ads,iOS,Nigeria
U01390,2025-03-07,Google Ads,Android,Nigeria
U01391,2025-03-19,Facebook Ads,Android,Nigeria
U01392,2025-02-22,Google Ads,iOS,Nigeria
U01393,2025-04-14,Referral,iOS,Nigeria
U01394,2025-04-14,Referral,iOS,Nigeria
U01395,2025-02-20,Google Ads,iOS,Nigeria
U01396,2025-02-08,Google Ads,Android,Nigeria
U01397,2025-02-20,Facebook Ads,iOS,Nigeria
U01398,2025-03-11,Facebook Ads,Android,Nigeria
U01399,2025-01-06,Facebook Ads,iOS,Nigeria
U01400,2025-03-08,Organic,Android,Nigeria
U01401,2025-01-07,Facebook Ads,iOS,Nigeria
U01402,2025-02-20,Facebook Ads,Android,Nigeria
U01403,2025-03-13,Referral,Android,Nigeria
U01404,2025-02-11,Organic,Android,Nigeria
U01405,2025-03-05,Referral,Android,Nigeria
U01406,2025-04-26,Facebook Ads,iOS,Nigeria
U01407,2025-01-15,Facebook Ads,iOS,Nigeria
U01408,2025-04-21,Facebook Ads,Android,Nigeria
U01409,2025-01-29,Facebook Ads,Android,Nigeria
U01410,2025-02-02,Facebook Ads,iOS,Nigeria
U01411,2025-04-26,Google Ads,iOS,Nigeria
U01412,2025-04-04,Organic,iOS,Nigeria
U01413,2025-04-13,Facebook Ads,iOS,Nigeria
U01414,2025-01-27,Google Ads,iOS,Nigeria
U01415,2025-02-05,Google Ads,Android,Nigeria
U01416,2025-01-29,Facebook Ads,iOS,Nigeria
U01417,2025-02-07,Google Ads,Android,Nigeria
U01418,2025-02-26,Facebook Ads,iOS,Nigeria
U01419,2025-04-07,Facebook Ads,iOS,Nigeria
U01420,2025-04-11,Referral,Android,Nigeria
U01421,2025-01-27,Facebook Ads,Android,Nigeria
U01422,2025-02-24,Organic,Android,Nigeria
U01423,2025-02-02,Facebook Ads,Android,Nigeria
U01424,2025-03-09,Google Ads,Android,Nigeria
U01425,2025-03-27,Google Ads,iOS,Nigeria
U01426,2025-03-07,Facebook Ads,Android,Nigeria
U01427,2025-01-10,Facebook Ads,Android,Nigeria
U01428,2025-01-05,Google Ads,iOS,Nigeria
U01429,2025-03-15,Referral,iOS,Nigeria
U01430,2025-04-07,Referral,Android,Nigeria
U01431,2025-04-28,Google Ads,iOS,Nigeria
U01432,2025-02-07,Referral,Android,Nigeria
U01433,2025-01-13,Google Ads,Android,Nigeria
U01434,2025-01-31,Referral,Android,Nigeria
U01435,2025-02-16,Google Ads,Android,Nigeria
U01436,2025-04-10,Google Ads,Android,Nigeria
U01437,2025-04-19,Referral,iOS,Nigeria
U01438,2025-03-29,Facebook Ads,iOS,Nigeria
U01439,2025-02-21,Referral,Android,Nigeria
U01440,2025-02-25,Google Ads,Android,Nigeria
U01441,2025-01-15,Facebook Ads,Android,Nigeria
U01442,2025-01-29,Facebook Ads,iOS,Nigeria
U01443,2025-01-08,Facebook Ads,iOS,Nigeria
U01444,2025-01-05,Google Ads,Android,Nigeria
U01445,2025-01-29,Referral,Android,Nigeria
U01446,2025-02-16,Facebook Ads,Android,Nigeria
U01447,2025-03-09,Referral,Android,Nigeria
U01448,2025-03-17,Referral,Android,Nigeria
U01449,2025-02-14,Facebook Ads,Android,Nigeria
U01450,2025-01-02,Referral,Android,Nigeria
U01451,2025-01-27,Organic,Android,Nigeria
U01452,2025-04-05,Referral,Android,Nigeria
U01453,2025-04-25,Referral,Android,Nigeria
U01454,2025-04-25,Organic,iOS,Nigeria
U01455,2025-02-05,Google Ads,iOS,Nigeria
U01456,2025-02-05,Facebook Ads,iOS,Nigeria
U01457,2025-01-26,Referral,iOS,Nigeria
U01458,2025-02-12,Google Ads,Android,Nigeria
U01459,2025-01-27,Google Ads,Android,Nigeria
U01460,2025-03-10,Facebook Ads,iOS,Nigeria
U01461,2025-01-20,Referral,Android,Nigeria
U01462,2025-01-11,Facebook Ads,Android,Nigeria
U01463,2025-03-15,Organic,Android,Nigeria
U01464,2025-04-14,Facebook Ads,Android,Nigeria
U01465,2025-02-07,Facebook Ads,Android,Nigeria
U01466,2025-01-06,Google Ads,Android,Nigeria
U01467,2025-03-13,Facebook Ads,iOS,Nigeria
U01468,2025-01-23,Google Ads,Android,Nigeria
U01469,2025-02-16,Organic,iOS,Nigeria
U01470,2025-03-31,Referral,Android,Nigeria
U01471,2025-02-15,Facebook Ads,iOS,Nigeria
U01472,2025-04-17,Facebook Ads,Android,Nigeria
U01473,2025-01-12,Referral,Android,Nigeria
U01474,2025-03-31,Organic,Android,Nigeria
U01475,2025-01-13,Google Ads,Android,Nigeria
U01476,2025-04-14,Google Ads,Android,Nigeria
U01477,2025-03-03,Facebook Ads,Android,Nigeria
U01478,2025-03-23,Referral,Android,Nigeria
U01479,2025-03-30,Google Ads,Android,Nigeria
U01480,2025-04-07,Facebook Ads,iOS,Nigeria
U01481,2025-04-21,Facebook Ads,iOS,Nigeria
U01482,2025-04-14,Referral,Android,Nigeria
U01483,2025-03-01,Facebook Ads,Android,Nigeria
U01484,2025-02-12,Facebook Ads,iOS,Nigeria
U01485,2025-03-17,Google Ads,Android,Nigeria
U01486,2025-04-18,Facebook Ads,Android,Nigeria
U01487,2025-04-10,Facebook Ads,Android,Nigeria
U01488,2025-04-22,Referral,Android,Nigeria
U01489,2025-03-09,Referral,Android,Nigeria
U01490,2025-01-05,Referral,Android,Nigeria
U01491,2025-04-30,Referral,Android,Nigeria
U01492,2025-02-06,Google Ads,Android,Nigeria
U01493,2025-03-13,Referral,iOS,Nigeria
U01494,2025-04-16,Facebook Ads,Android,Nigeria
U01495,2025-04-23,Google Ads,Android,Nigeria
U01496,2025-04-02,Organic,Android,Nigeria
U01497,2025-01-31,Facebook Ads,Android,Nigeria
U01498,2025-01-09,Facebook Ads,Android,Nigeria
U01499,2025-04-28,Google Ads,Android,Nigeria
U01500,2025-02-20,Facebook Ads,Android,Nigeria
U01501,2025-01-29,Facebook Ads,Android,Nigeria
U01502,2025-03-19,Referral,Android,Nigeria
U01503,2025-02-09,Organic,Android,Nigeria
U01504,2025-02-10,Google Ads,iOS,Nigeria
U01505,2025-03-27,Facebook Ads,Android,Nigeria
U01506,2025-01-11,Facebook Ads,Android,Nigeria
U01507,2025-01-23,Referral,Android,Nigeria
U01508,2025-01-01,Google Ads,Android,Nigeria
U01509,2025-02-15,Facebook Ads,iOS,Nigeria
U01510,2025-04-11,Google Ads,Android,Nigeria
U01511,2025-01-21,Facebook Ads,Android,Nigeria
U01512,2025-03-31,Google Ads,Android,Nigeria
U01513,2025-04-20,Referral,Android,Nigeria
U01514,2025-02-05,Google Ads,Android,Nigeria
U01515,2025-02-23,Google Ads,Android,Nigeria
U01516,2025-03-28,Facebook Ads,Android,Nigeria
U01517,2025-02-26,Referral,iOS,Nigeria
U01518,2025-01-01,Google Ads,Android,Nigeria
U01519,2025-03-04,Facebook Ads,Android,Nigeria
U01520,2025-02-23,Google Ads,iOS,Nigeria
U01521,2025-02-24,Facebook Ads,iOS,Nigeria
U01522,2025-04-25,Referral,Android,Nigeria
U01523,2025-02-09,Google Ads,Android,Nigeria
U01524,2025-01-15,Organic,iOS,Nigeria
U01525,2025-01-21,Facebook Ads,Android,Nigeria
U01526,2025-02-16,Referral,Android,Nigeria
U01527,2025-03-14,Google Ads,iOS,Nigeria
U01528,2025-02-22,Referral,Android,Nigeria
U01529,2025-01-09,Facebook Ads,Android,Nigeria
U01530,2025-03-15,Google Ads,Android,Nigeria
U01531,2025-02-21,Referral,Android,Nigeria
U01532,2025-02-26,Facebook Ads,iOS,Nigeria
U01533,2025-04-27,Facebook Ads,Android,Nigeria
U01534,2025-01-26,Google Ads,iOS,Nigeria
U01535,2025-02-10,Google Ads,Android,Nigeria
U01536,2025-02-04,Facebook Ads,Android,Nigeria
U01537,2025-03-04,Facebook Ads,Android,Nigeria
U01538,2025-04-26,Facebook Ads,iOS,Nigeria
U01539,2025-01-25,Referral,iOS,Nigeria
U01540,2025-03-31,Google Ads,Android,Nigeria
U01541,2025-03-16,Referral,Android,Nigeria
U01542,2025-02-07,Organic,Android,Nigeria
U01543,2025-01-02,Google Ads,iOS,Nigeria
U01544,2025-01-07,Facebook Ads,Android,Nigeria
U01545,2025-03-23,Facebook Ads,Android,Nigeria
U01546,2025-04-01,Facebook Ads,Android,Nigeria
U01547,2025-02-03,Organic,Android,Nigeria
U01548,2025-04-01,Google Ads,Android,Nigeria
U01549,2025-01-17,Facebook Ads,Android,Nigeria
U01550,2025-02-12,Facebook Ads,iOS,Nigeria
U01551,2025-02-28,Google Ads,Android,Nigeria
U01552,2025-04-18,Google Ads,Android,Nigeria
U01553,2025-02-20,Facebook Ads,Android,Nigeria
U01554,2025-02-23,Organic,Android,Nigeria
U01555,2025-01-24,Google Ads,iOS,Nigeria
U01556,2025-01-25,Facebook Ads,Android,Nigeria
U01557,2025-03-12,Referral,Android,Nigeria
U01558,2025-02-21,Facebook Ads,Android,Nigeria
U01559,2025-03-11,Organic,Android,Nigeria
U01560,2025-04-27,Organic,Android,Nigeria
U01561,2025-03-29,Referral,Android,Nigeria
U01562,2025-02-02,Referral,Android,Nigeria
U01563,2025-02-18,Facebook Ads,iOS,Nigeria
U01564,2025-01-29,Organic,Android,Nigeria
U01565,2025-03-04,Google Ads,Android,Nigeria
U01566,2025-04-17,Referral,iOS,Nigeria
U01567,2025-01-22,Organic,Android,Nigeria
U01568,2025-01-26,Organic,Android,Nigeria
U01569,2025-01-28,Referral,Android,Nigeria
U01570,2025-04-24,Facebook Ads,Android,Nigeria
U01571,2025-03-26,Organic,Android,Nigeria
U01572,2025-02-18,Google Ads,Android,Nigeria
U01573,2025-03-12,Organic,iOS,Nigeria
U01574,2025-03-22,Google Ads,Android,Nigeria
U01575,2025-03-25,Facebook Ads,Android,Nigeria
U01576,2025-04-15,Facebook Ads,Android,Nigeria
U01577,2025-02-18,Google Ads,Android,Nigeria
U01578,2025-01-20,Referral,Android,Nigeria
U01579,2025-04-28,Facebook Ads,Android,Nigeria
U01580,2025-03-27,Google Ads,Android,Nigeria
U01581,2025-04-02,Facebook Ads,iOS,Nigeria
U01582,2025-03-04,Referral,Android,Nigeria
U01583,2025-03-02,Google Ads,iOS,Nigeria
U01584,2025-04-14,Facebook Ads,iOS,Nigeria
U01585,2025-02-18,Facebook Ads,Android,Nigeria
U01586,2025-03-12,Facebook Ads,iOS,Nigeria
U01587,2025-01-01,Google Ads,iOS,Nigeria
U01588,2025-04-06,Facebook Ads,Android,Nigeria
U01589,2025-01-13,Facebook Ads,iOS,Nigeria
U01590,2025-04-04,Organic,Android,Nigeria
U01591,2025-03-28,Referral,Android,Nigeria
U01592,2025-02-20,Google Ads,iOS,Nigeria
U01593,2025-02-25,Organic,Android,Nigeria
U01594,2025-03-24,Facebook Ads,Android,Nigeria
U01595,2025-03-03,Google Ads,Android,Nigeria
U01596,2025-02-01,Google Ads,iOS,Nigeria
U01597,2025-01-30,Google Ads,iOS,Nigeria
U01598,2025-01-29,Facebook Ads,Android,Nigeria
U01599,2025-02-18,Google Ads,iOS,Nigeria
U01600,2025-02-14,Google Ads,Android,Nigeria
U01601,2025-04-03,Referral,Android,Nigeria
U01602,2025-01-30,Facebook Ads,Android,Nigeria
U01603,2025-01-16,Facebook Ads,iOS,Nigeria
U01604,2025-02-09,Facebook Ads,Android,Nigeria
U01605,2025-01-19,Facebook Ads,Android,Nigeria
U01606,2025-01-18,Google Ads,iOS,Nigeria
U01607,2025-01-01,Facebook Ads,iOS,Nigeria
U01608,2025-03-19,Referral,Android,Nigeria
U01609,2025-04-25,Facebook Ads,Android,Nigeria
U01610,2025-02-16,Facebook Ads,iOS,Nigeria
U01611,2025-04-24,Google Ads,iOS,Nigeria
U01612,2025-03-07,Facebook Ads,Android,Nigeria
U01613,2025-04-28,Google Ads,iOS,Nigeria
U01614,2025-04-02,Google Ads,iOS,Nigeria
U01615,2025-04-23,Facebook Ads,iOS,Nigeria
U01616,2025-04-24,Facebook Ads,iOS,Nigeria
U01617,2025-04-04,Facebook Ads,Android,Nigeria
U01618,2025-02-07,Facebook Ads,Android,Nigeria
U01619,2025-02-20,Facebook Ads,Android,Nigeria
U01620,2025-03-04,Facebook Ads,Android,Nigeria
U01621,2025-01-04,Facebook Ads,iOS,Nigeria
U01622,2025-01-01,Google Ads,iOS,Nigeria
U01623,2025-01-08,Google Ads,Android,Nigeria
U01624,2025-01-29,Google Ads,Android,Nigeria
U01625,2025-02-24,Facebook Ads,Android,Nigeria
U01626,2025-04-13,Facebook Ads,Android,Nigeria
U01627,2025-01-03,Referral,Android,Nigeria
U01628,2025-02-01,Google Ads,Android,Nigeria
U01629,2025-01-10,Referral,Android,Nigeria
U01630,2025-03-15,Facebook Ads,Android,Nigeria
U01631,2025-03-24,Google Ads,Android,Nigeria
U01632,2025-04-20,Google Ads,iOS,Nigeria
U01633,2025-02-03,Facebook Ads,Android,Nigeria
U01634,2025-04-07,Google Ads,Android,Nigeria
U01635,2025-03-28,Google Ads,Android,Nigeria
U01636,2025-02-24,Facebook Ads,Android,Nigeria
U01637,2025-04-02,Facebook Ads,iOS,Nigeria
U01638,2025-02-01,Referral,Android,Nigeria
U01639,2025-02-19,Organic,iOS,Nigeria
U01640,2025-01-07,Facebook Ads,Android,Nigeria
U01641,2025-04-03,Facebook Ads,Android,Nigeria
U01642,2025-01-08,Facebook Ads,Android,Nigeria
U01643,2025-03-06,Google Ads,iOS,Nigeria
U01644,2025-02-26,Facebook Ads,Android,Nigeria
U01645,2025-04-29,Organic,iOS,Nigeria
U01646,2025-03-08,Facebook Ads,Android,Nigeria
U01647,2025-03-29,Facebook Ads,Android,Nigeria
U01648,2025-03-28,Google Ads,iOS,Nigeria
U01649,2025-02-28,Referral,iOS,Nigeria
U01650,2025-03-13,Google Ads,Android,Nigeria
U01651,2025-02-23,Google Ads,Android,Nigeria
U01652,2025-04-21,Organic,Android,Nigeria
U01653,2025-04-11,Facebook Ads,Android,Nigeria
U01654,2025-03-08,Referral,iOS,Nigeria
U01655,2025-02-20,Facebook Ads,Android,Nigeria
U01656,2025-04-07,Referral,Android,Nigeria
U01657,2025-04-02,Google Ads,iOS,Nigeria
U01658,2025-04-21,Facebook Ads,iOS,Nigeria
U01659,2025-01-08,Referral,Android,Nigeria
U01660,2025-02-03,Facebook Ads,iOS,Nigeria
U01661,2025-02-04,Facebook Ads,Android,Nigeria
U01662,2025-04-06,Google Ads,Android,Nigeria
U01663,2025-03-29,Facebook Ads,iOS,Nigeria
U01664,2025-03-19,Google Ads,Android,Nigeria
U01665,2025-02-01,Facebook Ads,Android,Nigeria
U01666,2025-04-30,Facebook Ads,Android,Nigeria
U01667,2025-02-15,Facebook Ads,iOS,Nigeria
U01668,2025-04-17,Facebook Ads,Android,Nigeria
U01669,2025-01-16,Google Ads,Android,Nigeria
U01670,2025-03-09,Referral,Android,Nigeria
U01671,2025-04-26,Organic,Android,Nigeria
U01672,2025-02-06,Referral,Android,Nigeria
U01673,2025-02-23,Facebook Ads,iOS,Nigeria
U01674,2025-03-26,Google Ads,Android,Nigeria
U01675,2025-01-14,Facebook Ads,Android,Nigeria
U01676,2025-04-05,Facebook Ads,Android,Nigeria
U01677,2025-02-24,Google Ads,Android,Nigeria
U01678,2025-02-17,Facebook Ads,iOS,Nigeria
U01679,2025-03-23,Facebook Ads,Android,Nigeria
U01680,2025-01-07,Organic,Android,Nigeria
U01681,2025-03-15,Google Ads,Android,Nigeria
U01682,2025-01-07,Google Ads,Android,Nigeria
U01683,2025-02-02,Facebook Ads,Android,Nigeria
U01684,2025-01-23,Facebook Ads,iOS,Nigeria
U01685,2025-03-26,Referral,Android,Nigeria
U01686,2025-01-19,Facebook Ads,iOS,Nigeria
U01687,2025-04-22,Google Ads,Android,Nigeria
U01688,2025-01-19,Facebook Ads,Android,Nigeria
U01689,2025-02-05,Google Ads,Android,Nigeria
U01690,2025-01-29,Facebook Ads,iOS,Nigeria
U01691,2025-03-01,Referral,Android,Nigeria
U01692,2025-03-23,Referral,Android,Nigeria
U01693,2025-01-02,Referral,Android,Nigeria
U01694,2025-01-01,Facebook Ads,iOS,Nigeria
U01695,2025-02-16,Referral,Android,Nigeria
U01696,2025-03-10,Google Ads,Android,Nigeria
U01697,2025-01-20,Facebook Ads,iOS,Nigeria
U01698,2025-01-11,Google Ads,iOS,Nigeria
U01699,2025-04-16,Facebook Ads,Android,Nigeria
U01700,2025-01-02,Facebook Ads,Android,Nigeria
U01701,2025-03-08,Referral,Android,Nigeria
U01702,2025-03-28,Facebook Ads,Android,Nigeria
U01703,2025-04-29,Google Ads,iOS,Nigeria
U01704,2025-01-12,Facebook Ads,Android,Nigeria
U01705,2025-01-20,Referral,iOS,Nigeria
U01706,2025-01-05,Organic,Android,Nigeria
U01707,2025-02-06,Referral,Android,Nigeria
U01708,2025-02-07,Facebook Ads,Android,Nigeria
U01709,2025-04-04,Facebook Ads,iOS,Nigeria
U01710,2025-01-09,Google Ads,Android,Nigeria
U01711,2025-04-08,Facebook Ads,Android,Nigeria
U01712,2025-02-22,Facebook Ads,Android,Nigeria
U01713,2025-02-13,Google Ads,iOS,Nigeria
U01714,2025-04-09,Google Ads,iOS,Nigeria
U01715,2025-04-26,Organic,Android,Nigeria
U01716,2025-03-27,Facebook Ads,Android,Nigeria
U01717,2025-04-18,Facebook Ads,iOS,Nigeria
U01718,2025-01-24,Facebook Ads,iOS,Nigeria
U01719,2025-03-22,Organic,Android,Nigeria
U01720,2025-03-15,Referral,Android,Nigeria
U01721,2025-01-30,Referral,Android,Nigeria
U01722,2025-04-30,Organic,Android,Nigeria
U01723,2025-02-28,Google Ads,iOS,Nigeria
U01724,2025-04-20,Google Ads,Android,Nigeria
U01725,2025-03-28,Facebook Ads,Android,Nigeria
U01726,2025-04-06,Google Ads,Android,Nigeria
U01727,2025-03-22,Google Ads,iOS,Nigeria
U01728,2025-04-24,Google Ads,Android,Nigeria
U01729,2025-04-25,Organic,Android,Nigeria
U01730,2025-03-22,Organic,Android,Nigeria
U01731,2025-01-14,Referral,Android,Nigeria
U01732,2025-01-09,Referral,Android,Nigeria
U01733,2025-02-09,Google Ads,iOS,Nigeria
U01734,2025-03-07,Facebook Ads,Android,Nigeria
U01735,2025-04-19,Facebook Ads,Android,Nigeria
U01736,2025-01-25,Google Ads,Android,Nigeria
U01737,2025-04-13,Referral,Android,Nigeria
U01738,2025-03-14,Facebook Ads,Android,Nigeria
U01739,2025-04-28,Organic,Android,Nigeria
U01740,2025-01-22,Facebook Ads,Android,Nigeria
U01741,2025-04-17,Facebook Ads,Android,Nigeria
U01742,2025-04-20,Google Ads,iOS,Nigeria
U01743,2025-01-04,Facebook Ads,Android,Nigeria
U01744,2025-01-26,Facebook Ads,Android,Nigeria
U01745,2025-02-27,Facebook Ads,Android,Nigeria
U01746,2025-01-29,Referral,iOS,Nigeria
U01747,2025-04-19,Google Ads,Android,Nigeria
U01748,2025-04-08,Google Ads,iOS,Nigeria
U01749,2025-03-28,Google Ads,Android,Nigeria
U01750,2025-02-06,Facebook Ads,iOS,Nigeria
U01751,2025-03-16,Organic,Android,Nigeria
U01752,2025-03-11,Facebook Ads,Android,Nigeria
U01753,2025-01-18,Organic,Android,Nigeria
U01754,2025-03-26,Google Ads,Android,Nigeria
U01755,2025-02-11,Organic,iOS,Nigeria
U01756,2025-04-10,Facebook Ads,Android,Nigeria
U01757,2025-02-10,Google Ads,iOS,Nigeria
U01758,2025-02-07,Facebook Ads,Android,Nigeria
U01759,2025-02-03,Facebook Ads,Android,Nigeria
U01760,2025-01-17,Google Ads,Android,Nigeria
U01761,2025-02-06,Facebook Ads,Android,Nigeria
U01762,2025-01-25,Google Ads,iOS,Nigeria
U01763,2025-04-12,Facebook Ads,Android,Nigeria
U01764,2025-03-17,Facebook Ads,Android,Nigeria
U01765,2025-03-28,Referral,iOS,Nigeria
U01766,2025-04-27,Google Ads,Android,Nigeria
U01767,2025-04-16,Google Ads,Android,Nigeria
U01768,2025-03-27,Google Ads,Android,Nigeria
U01769,2025-03-26,Referral,Android,Nigeria
U01770,2025-01-27,Facebook Ads,Android,Nigeria
U01771,2025-02-26,Google Ads,Android,Nigeria
U01772,2025-01-31,Organic,Android,Nigeria
U01773,2025-01-06,Referral,iOS,Nigeria
U01774,2025-04-01,Google Ads,Android,Nigeria
U01775,2025-02-09,Google Ads,iOS,Nigeria
U01776,2025-04-08,Referral,Android,Nigeria
U01777,2025-01-12,Google Ads,Android,Nigeria
U01778,2025-04-19,Facebook Ads,Android,Nigeria
U01779,2025-02-22,Facebook Ads,Android,Nigeria
U01780,2025-03-12,Referral,Android,Nigeria
U01781,2025-01-10,Facebook Ads,iOS,Nigeria
U01782,2025-02-14,Referral,iOS,Nigeria
U01783,2025-01-17,Facebook Ads,Android,Nigeria
U01784,2025-01-26,Google Ads,Android,Nigeria
U01785,2025-03-26,Facebook Ads,Android,Nigeria
U01786,2025-04-02,Facebook Ads,Android,Nigeria
U01787,2025-03-03,Organic,Android,Nigeria
U01788,2025-02-15,Referral,iOS,Nigeria
U01789,2025-03-05,Google Ads,Android,Nigeria
U01790,2025-01-02,Google Ads,iOS,Nigeria
U01791,2025-02-23,Google Ads,Android,Nigeria
U01792,2025-04-17,Google Ads,Android,Nigeria
U01793,2025-03-06,Google Ads,Android,Nigeria
U01794,2025-02-20,Facebook Ads,Android,Nigeria
U01795,2025-02-22,Google Ads,Android,Nigeria
U01796,2025-02-05,Referral,Android,Nigeria
U01797,2025-04-25,Organic,iOS,Nigeria
U01798,2025-01-26,Facebook Ads,iOS,Nigeria
U01799,2025-01-29,Referral,Android,Nigeria
U01800,2025-01-21,Google Ads,iOS,Nigeria
U01801,2025-01-11,Google Ads,Android,Nigeria
U01802,2025-02-09,Facebook Ads,iOS,Nigeria
U01803,2025-01-11,Google Ads,Android,Nigeria
U01804,2025-02-05,Facebook Ads,Android,Nigeria
U01805,2025-04-23,Facebook Ads,Android,Nigeria
U01806,2025-02-28,Referral,Android,Nigeria
U01807,2025-02-08,Referral,Android,Nigeria
U01808,2025-04-14,Google Ads,Android,Nigeria
U01809,2025-04-09,Organic,Android,Nigeria
U01810,2025-02-23,Facebook Ads,Android,Nigeria
U01811,2025-04-08,Facebook Ads,Android,Nigeria
U01812,2025-02-24,Google Ads,Android,Nigeria
U01813,2025-04-21,Facebook Ads,Android,Nigeria
U01814,2025-01-24,Facebook Ads,Android,Nigeria
U01815,2025-04-28,Facebook Ads,iOS,Nigeria
U01816,2025-01-22,Facebook Ads,Android,Nigeria
U01817,2025-03-10,Referral,Android,Nigeria
U01818,2025-02-25,Facebook Ads,Android,Nigeria
U01819,2025-02-02,Google Ads,Android,Nigeria
U01820,2025-02-05,Facebook Ads,Android,Nigeria
U01821,2025-04-21,Google Ads,Android,Nigeria
U01822,2025-01-20,Facebook Ads,Android,Nigeria
U01823,2025-03-24,Referral,iOS,Nigeria
U01824,2025-04-09,Google Ads,Android,Nigeria
U01825,2025-04-26,Facebook Ads,iOS,Nigeria
U01826,2025-04-17,Google Ads,Android,Nigeria
U01827,2025-03-22,Facebook Ads,Android,Nigeria
U01828,2025-03-03,Google Ads,Android,Nigeria
U01829,2025-04-19,Facebook Ads,Android,Nigeria
U01830,2025-04-17,Organic,Android,Nigeria
U01831,2025-04-08,Facebook Ads,Android,Nigeria
U01832,2025-03-14,Google Ads,Android,Nigeria
U01833,2025-01-26,Facebook Ads,iOS,Nigeria
U01834,2025-03-07,Facebook Ads,iOS,Nigeria
U01835,2025-04-27,Google Ads,Android,Nigeria
U01836,2025-03-14,Organic,iOS,Nigeria
U01837,2025-03-14,Facebook Ads,Android,Nigeria
U01838,2025-02-09,Facebook Ads,Android,Nigeria
U01839,2025-01-17,Facebook Ads,Android,Nigeria
U01840,2025-01-01,Facebook Ads,Android,Nigeria
U01841,2025-03-30,Facebook Ads,Android,Nigeria
U01842,2025-03-02,Google Ads,iOS,Nigeria
U01843,2025-02-12,Facebook Ads,Android,Nigeria
U01844,2025-04-14,Facebook Ads,Android,Nigeria
U01845,2025-02-11,Referral,iOS,Nigeria
U01846,2025-01-25,Facebook Ads,Android,Nigeria
U01847,2025-02-08,Facebook Ads,Android,Nigeria
U01848,2025-02-04,Facebook Ads,Android,Nigeria
U01849,2025-01-03,Google Ads,Android,Nigeria
U01850,2025-04-24,Facebook Ads,Android,Nigeria
U01851,2025-04-11,Google Ads,Android,Nigeria
U01852,2025-04-18,Facebook Ads,Android,Nigeria
U01853,2025-02-13,Google Ads,iOS,Nigeria
U01854,2025-02-20,Facebook Ads,iOS,Nigeria
U01855,2025-04-04,Google Ads,Android,Nigeria
U01856,2025-04-12,Referral,Android,Nigeria
U01857,2025-04-08,Google Ads,Android,Nigeria
U01858,2025-01-12,Facebook Ads,iOS,Nigeria
U01859,2025-01-19,Facebook Ads,Android,Nigeria
U01860,2025-04-11,Facebook Ads,Android,Nigeria
U01861,2025-02-13,Facebook Ads,iOS,Nigeria
U01862,2025-02-28,Facebook Ads,iOS,Nigeria
U01863,2025-02-18,Referral,Android,Nigeria
U01864,2025-03-02,Facebook Ads,Android,Nigeria
U01865,2025-01-17,Google Ads,Android,Nigeria
U01866,2025-03-15,Google Ads,Android,Nigeria
U01867,2025-02-26,Google Ads,Android,Nigeria
U01868,2025-02-24,Facebook Ads,Android,Nigeria
U01869,2025-04-23,Referral,Android,Nigeria
U01870,2025-02-16,Facebook Ads,Android,Nigeria
U01871,2025-01-12,Referral,Android,Nigeria
U01872,2025-03-03,Referral,Android,Nigeria
U01873,2025-03-21,Referral,Android,Nigeria
U01874,2025-03-29,Google Ads,iOS,Nigeria
U01875,2025-03-24,Facebook Ads,Android,Nigeria
U01876,2025-01-08,Facebook Ads,Android,Nigeria
U01877,2025-04-05,Google Ads,Android,Nigeria
U01878,2025-01-21,Facebook Ads,Android,Nigeria
U01879,2025-03-22,Referral,Android,Nigeria
U01880,2025-03-28,Facebook Ads,iOS,Nigeria
U01881,2025-04-11,Facebook Ads,Android,Nigeria
U01882,2025-04-28,Facebook Ads,iOS,Nigeria
U01883,2025-03-21,Facebook Ads,Android,Nigeria
U01884,2025-03-11,Google Ads,Android,Nigeria
U01885,2025-03-13,Referral,iOS,Nigeria
U01886,2025-01-25,Google Ads,Android,Nigeria
U01887,2025-03-23,Referral,Android,Nigeria
U01888,2025-03-30,Referral,Android,Nigeria
U01889,2025-01-12,Referral,Android,Nigeria
U01890,2025-01-15,Facebook Ads,iOS,Nigeria
U01891,2025-02-28,Referral,iOS,Nigeria
U01892,2025-01-26,Facebook Ads,iOS,Nigeria
U01893,2025-04-15,Facebook Ads,Android,Nigeria
U01894,2025-04-19,Google Ads,Android,Nigeria
U01895,2025-01-26,Facebook Ads,Android,Nigeria
U01896,2025-02-16,Facebook Ads,iOS,Nigeria
U01897,2025-02-01,Facebook Ads,Android,Nigeria
U01898,2025-01-10,Facebook Ads,Android,Nigeria
U01899,2025-01-16,Organic,iOS,Nigeria
U01900,2025-03-12,Facebook Ads,Android,Nigeria
U01901,2025-01-17,Facebook Ads,Android,Nigeria
U01902,2025-01-23,Google Ads,iOS,Nigeria
U01903,2025-01-26,Facebook Ads,Android,Nigeria
U01904,2025-03-26,Organic,Android,Nigeria
U01905,2025-03-27,Facebook Ads,Android,Nigeria
U01906,2025-01-07,Google Ads,Android,Nigeria
U01907,2025-01-14,Google Ads,iOS,Nigeria
U01908,2025-03-20,Organic,Android,Nigeria
U01909,2025-04-27,Google Ads,Android,Nigeria
U01910,2025-01-07,Referral,Android,Nigeria
U01911,2025-01-09,Facebook Ads,iOS,Nigeria
U01912,2025-04-25,Facebook Ads,Android,Nigeria
U01913,2025-02-17,Facebook Ads,Android,Nigeria
U01914,2025-03-13,Referral,Android,Nigeria
U01915,2025-04-24,Facebook Ads,Android,Nigeria
U01916,2025-02-28,Facebook Ads,Android,Nigeria
U01917,2025-03-28,Facebook Ads,Android,Nigeria
U01918,2025-04-03,Facebook Ads,Android,Nigeria
U01919,2025-03-23,Facebook Ads,Android,Nigeria
U01920,2025-04-05,Organic,iOS,Nigeria
U01921,2025-04-04,Google Ads,Android,Nigeria
U01922,2025-04-26,Google Ads,Android,Nigeria
U01923,2025-02-08,Referral,Android,Nigeria
U01924,2025-04-09,Facebook Ads,iOS,Nigeria
U01925,2025-01-18,Facebook Ads,iOS,Nigeria
U01926,2025-02-28,Facebook Ads,Android,Nigeria
U01927,2025-04-16,Facebook Ads,iOS,Nigeria
U01928,2025-04-13,Google Ads,Android,Nigeria
U01929,2025-01-17,Facebook Ads,Android,Nigeria
U01930,2025-01-14,Facebook Ads,Android,Nigeria
U01931,2025-01-31,Google Ads,iOS,Nigeria
U01932,2025-01-24,Organic,Android,Nigeria
U01933,2025-04-09,Referral,iOS,Nigeria
U01934,2025-04-18,Referral,Android,Nigeria
U01935,2025-03-01,Referral,Android,Nigeria
U01936,2025-02-14,Facebook Ads,Android,Nigeria
U01937,2025-04-08,Referral,iOS,Nigeria
U01938,2025-01-03,Facebook Ads,Android,Nigeria
U01939,2025-02-06,Google Ads,Android,Nigeria
U01940,2025-02-12,Google Ads,Android,Nigeria
U01941,2025-02-09,Facebook Ads,iOS,Nigeria
U01942,2025-03-31,Referral,Android,Nigeria
U01943,2025-02-24,Organic,Android,Nigeria
U01944,2025-03-28,Facebook Ads,Android,Nigeria
U01945,2025-04-18,Referral,iOS,Nigeria
U01946,2025-02-08,Facebook Ads,iOS,Nigeria
U01947,2025-01-15,Google Ads,iOS,Nigeria
U01948,2025-04-30,Google Ads,Android,Nigeria
U01949,2025-04-23,Google Ads,Android,Nigeria
U01950,2025-01-04,Organic,iOS,Nigeria
U01951,2025-04-03,Referral,Android,Nigeria
U01952,2025-03-27,Referral,Android,Nigeria
U01953,2025-01-25,Facebook Ads,Android,Nigeria
U01954,2025-01-13,Organic,iOS,Nigeria
U01955,2025-03-23,Facebook Ads,Android,Nigeria
U01956,2025-02-02,Referral,Android,Nigeria
U01957,2025-01-16,Facebook Ads,iOS,Nigeria
U01958,2025-04-19,Facebook Ads,Android,Nigeria
U01959,2025-02-11,Google Ads,Android,Nigeria
U01960,2025-04-18,Facebook Ads,iOS,Nigeria
U01961,2025-03-07,Facebook Ads,iOS,Nigeria
U01962,2025-02-24,Facebook Ads,iOS,Nigeria
U01963,2025-04-09,Facebook Ads,Android,Nigeria
U01964,2025-02-11,Facebook Ads,Android,Nigeria
U01965,2025-02-03,Facebook Ads,iOS,Nigeria
U01966,2025-01-30,Google Ads,Android,Nigeria
U01967,2025-04-29,Facebook Ads,iOS,Nigeria
U01968,2025-01-13,Google Ads,iOS,Nigeria
U01969,2025-01-13,Facebook Ads,Android,Nigeria
U01970,2025-01-18,Organic,iOS,Nigeria
U01971,2025-02-01,Referral,iOS,Nigeria
U01972,2025-04-06,Facebook Ads,Android,Nigeria
U01973,2025-04-09,Referral,Android,Nigeria
U01974,2025-02-08,Referral,Android,Nigeria
U01975,2025-02-15,Organic,Android,Nigeria
U01976,2025-04-26,Google Ads,Android,Nigeria
U01977,2025-01-29,Facebook Ads,Android,Nigeria
U01978,2025-03-03,Google Ads,iOS,Nigeria
U01979,2025-04-23,Google Ads,iOS,Nigeria
U01980,2025-04-03,Google Ads,Android,Nigeria
U01981,2025-03-03,Facebook Ads,Android,Nigeria
U01982,2025-04-27,Referral,Android,Nigeria
U01983,2025-04-18,Organic,iOS,Nigeria
U01984,2025-02-26,Facebook Ads,Android,Nigeria
U01985,2025-01-16,Facebook Ads,Android,Nigeria
U01986,2025-02-25,Facebook Ads,iOS,Nigeria
U01987,2025-04-18,Referral,Android,Nigeria
U01988,2025-04-21,Google Ads,iOS,Nigeria
U01989,2025-01-10,Google Ads,iOS,Nigeria
U01990,2025-01-30,Google Ads,iOS,Nigeria
U01991,2025-01-25,Google Ads,Android,Nigeria
U01992,2025-04-13,Facebook Ads,Android,Nigeria
U01993,2025-03-25,Google Ads,iOS,Nigeria
U01994,2025-01-05,Referral,Android,Nigeria
U01995,2025-03-06,Organic,Android,Nigeria
U01996,2025-04-04,Organic,Android,Nigeria
U01997,2025-02-18,Organic,Android,Nigeria
U01998,2025-01-03,Google Ads,Android,Nigeria
U01999,2025-02-14,Google Ads,Android,Nigeria
U02000,2025-01-14,Referral,Android,Nigeria
U02001,2025-04-30,Organic,Android,Nigeria
U02002,2025-01-30,Facebook Ads,Android,Nigeria
U02003,2025-04-24,Facebook Ads,Android,Nigeria
U02004,2025-03-09,Facebook Ads,Android,Nigeria
U02005,2025-01-18,Google Ads,Android,Nigeria
U02006,2025-03-03,Facebook Ads,Android,Nigeria
U02007,2025-02-06,Facebook Ads,Android,Nigeria
U02008,2025-01-25,Facebook Ads,Android,Nigeria
U02009,2025-02-17,Facebook Ads,Android,Nigeria
U02010,2025-03-06,Referral,Android,Nigeria
U02011,2025-02-22,Facebook Ads,Android,Nigeria
U02012,2025-04-20,Google Ads,iOS,Nigeria
U02013,2025-03-20,Google Ads,Android,Nigeria
U02014,2025-03-14,Referral,iOS,Nigeria
U02015,2025-01-15,Facebook Ads,Android,Nigeria
U02016,2025-02-18,Organic,iOS,Nigeria
U02017,2025-03-29,Google Ads,Android,Nigeria
U02018,2025-03-09,Organic,Android,Nigeria
U02019,2025-01-12,Organic,Android,Nigeria
U02020,2025-02-28,Facebook Ads,Android,Nigeria
U02021,2025-02-06,Facebook Ads,Android,Nigeria
U02022,2025-03-02,Facebook Ads,Android,Nigeria
U02023,2025-04-11,Google Ads,Android,Nigeria
U02024,2025-02-12,Facebook Ads,Android,Nigeria
U02025,2025-03-11,Facebook Ads,iOS,Nigeria
U02026,2025-02-08,Google Ads,Android,Nigeria
U02027,2025-02-25,Facebook Ads,iOS,Nigeria
U02028,2025-03-04,Facebook Ads,Android,Nigeria
U02029,2025-02-15,Google Ads,Android,Nigeria
U02030,2025-03-29,Facebook Ads,Android,Nigeria
U02031,2025-01-11,Facebook Ads,Android,Nigeria
U02032,2025-03-03,Google Ads,Android,Nigeria
U02033,2025-03-18,Google Ads,Android,Nigeria
U02034,2025-04-08,Referral,Android,Nigeria
U02035,2025-01-25,Google Ads,iOS,Nigeria
U02036,2025-03-12,Google Ads,Android,Nigeria
U02037,2025-02-21,Google Ads,iOS,Nigeria
U02038,2025-01-04,Referral,iOS,Nigeria
U02039,2025-02-28,Referral,iOS,Nigeria
U02040,2025-03-13,Referral,Android,Nigeria
U02041,2025-01-20,Google Ads,Android,Nigeria
U02042,2025-04-03,Facebook Ads,Android,Nigeria
U02043,2025-03-04,Facebook Ads,Android,Nigeria
U02044,2025-02-23,Facebook Ads,Android,Nigeria
U02045,2025-04-27,Organic,Android,Nigeria
U02046,2025-04-25,Google Ads,Android,Nigeria
U02047,2025-04-19,Referral,Android,Nigeria
U02048,2025-04-20,Facebook Ads,iOS,Nigeria
U02049,2025-03-15,Referral,Android,Nigeria
U02050,2025-04-17,Facebook Ads,Android,Nigeria
U02051,2025-04-08,Facebook Ads,iOS,Nigeria
U02052,2025-02-26,Facebook Ads,Android,Nigeria
U02053,2025-03-31,Google Ads,Android,Nigeria
U02054,2025-02-10,Google Ads,iOS,Nigeria
U02055,2025-04-23,Referral,Android,Nigeria
U02056,2025-01-03,Facebook Ads,Android,Nigeria
U02057,2025-04-30,Google Ads,Android,Nigeria
U02058,2025-01-06,Google Ads,Android,Nigeria
U02059,2025-01-05,Facebook Ads,Android,Nigeria
U02060,2025-01-05,Referral,Android,Nigeria
U02061,2025-02-23,Referral,Android,Nigeria
U02062,2025-02-16,Referral,Android,Nigeria
U02063,2025-03-28,Referral,iOS,Nigeria
U02064,2025-02-18,Referral,Android,Nigeria
U02065,2025-01-09,Facebook Ads,iOS,Nigeria
U02066,2025-04-09,Referral,Android,Nigeria
U02067,2025-01-20,Facebook Ads,iOS,Nigeria
U02068,2025-04-23,Facebook Ads,Android,Nigeria
U02069,2025-03-02,Facebook Ads,Android,Nigeria
U02070,2025-04-16,Referral,Android,Nigeria
U02071,2025-02-04,Referral,iOS,Nigeria
U02072,2025-02-19,Facebook Ads,Android,Nigeria
U02073,2025-03-23,Referral,Android,Nigeria
U02074,2025-03-03,Organic,Android,Nigeria
U02075,2025-01-17,Facebook Ads,iOS,Nigeria
U02076,2025-03-29,Facebook Ads,Android,Nigeria
U02077,2025-01-03,Referral,Android,Nigeria
U02078,2025-02-01,Facebook Ads,Android,Nigeria
U02079,2025-04-09,Google Ads,Android,Nigeria
U02080,2025-04-12,Facebook Ads,iOS,Nigeria
U02081,2025-01-13,Google Ads,iOS,Nigeria
U02082,2025-04-30,Referral,Android,Nigeria
U02083,2025-04-21,Google Ads,Android,Nigeria
U02084,2025-03-30,Referral,iOS,Nigeria
U02085,2025-03-14,Referral,Android,Nigeria
U02086,2025-03-09,Referral,iOS,Nigeria
U02087,2025-01-14,Google Ads,Android,Nigeria
U02088,2025-04-11,Facebook Ads,Android,Nigeria
U02089,2025-04-08,Google Ads,Android,Nigeria
U02090,2025-01-11,Facebook Ads,Android,Nigeria
U02091,2025-04-15,Referral,iOS,Nigeria
U02092,2025-02-25,Facebook Ads,Android,Nigeria
U02093,2025-03-08,Google Ads,iOS,Nigeria
U02094,2025-04-02,Facebook Ads,Android,Nigeria
U02095,2025-01-29,Referral,iOS,Nigeria
U02096,2025-01-09,Referral,Android,Nigeria
U02097,2025-03-08,Facebook Ads,iOS,Nigeria
U02098,2025-01-25,Referral,Android,Nigeria
U02099,2025-04-08,Facebook Ads,iOS,Nigeria
U02100,2025-03-17,Google Ads,Android,Nigeria
U02101,2025-02-11,Referral,Android,Nigeria
U02102,2025-01-09,Facebook Ads,iOS,Nigeria
U02103,2025-03-20,Organic,Android,Nigeria
U02104,2025-02-09,Facebook Ads,Android,Nigeria
U02105,2025-01-25,Facebook Ads,Android,Nigeria
U02106,2025-01-05,Organic,Android,Nigeria
U02107,2025-01-11,Facebook Ads,Android,Nigeria
U02108,2025-02-28,Organic,Android,Nigeria
U02109,2025-04-08,Organic,Android,Nigeria
U02110,2025-03-29,Facebook Ads,Android,Nigeria
U02111,2025-03-20,Google Ads,Android,Nigeria
U02112,2025-02-07,Facebook Ads,iOS,Nigeria
U02113,2025-03-13,Google Ads,Android,Nigeria
U02114,2025-01-05,Facebook Ads,Android,Nigeria
U02115,2025-02-17,Facebook Ads,Android,Nigeria
U02116,2025-03-31,Facebook Ads,Android,Nigeria
U02117,2025-01-18,Google Ads,Android,Nigeria
U02118,2025-03-11,Organic,Android,Nigeria
U02119,2025-02-06,Referral,Android,Nigeria
U02120,2025-03-01,Referral,Android,Nigeria
U02121,2025-02-17,Google Ads,Android,Nigeria
U02122,2025-03-18,Referral,iOS,Nigeria
U02123,2025-01-28,Facebook Ads,Android,Nigeria
U02124,2025-03-10,Referral,Android,Nigeria
U02125,2025-03-18,Organic,Android,Nigeria
U02126,2025-03-22,Facebook Ads,iOS,Nigeria
U02127,2025-04-24,Google Ads,iOS,Nigeria
U02128,2025-02-09,Referral,iOS,Nigeria
U02129,2025-02-14,Organic,Android,Nigeria
U02130,2025-04-06,Referral,Android,Nigeria
U02131,2025-03-03,Facebook Ads,Android,Nigeria
U02132,2025-04-03,Facebook Ads,iOS,Nigeria
U02133,2025-04-25,Facebook Ads,iOS,Nigeria
U02134,2025-02-27,Referral,Android,Nigeria
U02135,2025-03-08,Facebook Ads,Android,Nigeria
U02136,2025-02-25,Referral,Android,Nigeria
U02137,2025-02-09,Facebook Ads,Android,Nigeria
U02138,2025-04-08,Facebook Ads,Android,Nigeria
U02139,2025-02-09,Google Ads,Android,Nigeria
U02140,2025-04-01,Referral,Android,Nigeria
U02141,2025-03-18,Facebook Ads,Android,Nigeria
U02142,2025-04-19,Google Ads,Android,Nigeria
U02143,2025-02-02,Google Ads,Android,Nigeria
U02144,2025-01-06,Facebook Ads,Android,Nigeria
U02145,2025-03-29,Facebook Ads,Android,Nigeria
U02146,2025-01-19,Referral,iOS,Nigeria
U02147,2025-03-21,Google Ads,iOS,Nigeria
U02148,2025-02-09,Facebook Ads,Android,Nigeria
U02149,2025-04-02,Referral,Android,Nigeria
U02150,2025-04-07,Organic,Android,Nigeria
U02151,2025-02-28,Google Ads,Android,Nigeria
U02152,2025-02-28,Google Ads,iOS,Nigeria
U02153,2025-02-17,Referral,iOS,Nigeria
U02154,2025-02-10,Organic,Android,Nigeria
U02155,2025-01-13,Referral,iOS,Nigeria
U02156,2025-04-17,Google Ads,iOS,Nigeria
U02157,2025-02-14,Google Ads,iOS,Nigeria
U02158,2025-03-30,Referral,Android,Nigeria
U02159,2025-02-22,Facebook Ads,Android,Nigeria
U02160,2025-02-11,Google Ads,Android,Nigeria
U02161,2025-04-10,Referral,Android,Nigeria
U02162,2025-03-04,Google Ads,Android,Nigeria
U02163,2025-01-27,Google Ads,iOS,Nigeria
U02164,2025-02-07,Google Ads,Android,Nigeria
U02165,2025-03-01,Facebook Ads,iOS,Nigeria
U02166,2025-01-07,Google Ads,Android,Nigeria
U02167,2025-01-05,Referral,Android,Nigeria
U02168,2025-04-17,Facebook Ads,iOS,Nigeria
U02169,2025-02-14,Facebook Ads,Android,Nigeria
U02170,2025-02-27,Organic,Android,Nigeria
U02171,2025-04-25,Facebook Ads,iOS,Nigeria
U02172,2025-01-31,Facebook Ads,iOS,Nigeria
U02173,2025-01-23,Organic,Android,Nigeria
U02174,2025-02-11,Referral,iOS,Nigeria
U02175,2025-01-10,Google Ads,Android,Nigeria
U02176,2025-02-01,Referral,iOS,Nigeria
U02177,2025-04-17,Facebook Ads,iOS,Nigeria
U02178,2025-02-22,Referral,Android,Nigeria
U02179,2025-01-30,Google Ads,Android,Nigeria
U02180,2025-02-08,Referral,Android,Nigeria
U02181,2025-01-31,Google Ads,Android,Nigeria
U02182,2025-03-23,Google Ads,iOS,Nigeria
U02183,2025-04-10,Google Ads,Android,Nigeria
U02184,2025-01-02,Google Ads,iOS,Nigeria
U02185,2025-03-19,Referral,iOS,Nigeria
U02186,2025-03-18,Google Ads,iOS,Nigeria
U02187,2025-04-03,Google Ads,iOS,Nigeria
U02188,2025-01-12,Google Ads,Android,Nigeria
U02189,2025-02-08,Google Ads,Android,Nigeria
U02190,2025-03-07,Referral,Android,Nigeria
U02191,2025-04-06,Referral,Android,Nigeria
U02192,2025-01-13,Google Ads,Android,Nigeria
U02193,2025-02-15,Organic,Android,Nigeria
U02194,2025-01-27,Referral,Android,Nigeria
U02195,2025-04-23,Google Ads,iOS,Nigeria
U02196,2025-04-15,Google Ads,iOS,Nigeria
U02197,2025-01-17,Organic,Android,Nigeria
U02198,2025-04-14,Google Ads,Android,Nigeria
U02199,2025-04-05,Referral,Android,Nigeria
U02200,2025-04-08,Google Ads,Android,Nigeria
U02201,2025-03-01,Google Ads,iOS,Nigeria
U02202,2025-03-05,Facebook Ads,Android,Nigeria
U02203,2025-03-29,Google Ads,iOS,Nigeria
U02204,2025-04-19,Organic,Android,Nigeria
U02205,2025-02-04,Google Ads,Android,Nigeria
U02206,2025-04-22,Google Ads,Android,Nigeria
U02207,2025-03-11,Organic,Android,Nigeria
U02208,2025-03-24,Google Ads,Android,Nigeria
U02209,2025-01-30,Google Ads,iOS,Nigeria
U02210,2025-03-12,Referral,iOS,Nigeria
U02211,2025-03-15,Referral,Android,Nigeria
U02212,2025-04-15,Facebook Ads,iOS,Nigeria
U02213,2025-04-06,Google Ads,Android,Nigeria
U02214,2025-04-08,Google Ads,iOS,Nigeria
U02215,2025-03-04,Facebook Ads,Android,Nigeria
U02216,2025-01-28,Google Ads,iOS,Nigeria
U02217,2025-03-01,Google Ads,Android,Nigeria
U02218,2025-03-20,Facebook Ads,Android,Nigeria
U02219,2025-04-04,Google Ads,Android,Nigeria
U02220,2025-02-06,Facebook Ads,Android,Nigeria
U02221,2025-04-03,Google Ads,Android,Nigeria
U02222,2025-01-22,Referral,Android,Nigeria
U02223,2025-03-09,Referral,iOS,Nigeria
U02224,2025-01-20,Facebook Ads,iOS,Nigeria
U02225,2025-04-06,Facebook Ads,iOS,Nigeria
U02226,2025-04-10,Facebook Ads,iOS,Nigeria
U02227,2025-04-24,Google Ads,iOS,Nigeria
U02228,2025-03-09,Facebook Ads,Android,Nigeria
U02229,2025-04-01,Google Ads,Android,Nigeria
U02230,2025-03-05,Facebook Ads,iOS,Nigeria
U02231,2025-01-17,Referral,iOS,Nigeria
U02232,2025-01-12,Facebook Ads,Android,Nigeria
U02233,2025-01-22,Facebook Ads,Android,Nigeria
U02234,2025-01-17,Referral,Android,Nigeria
U02235,2025-01-10,Facebook Ads,iOS,Nigeria
U02236,2025-04-28,Facebook Ads,Android,Nigeria
U02237,2025-03-06,Google Ads,iOS,Nigeria
U02238,2025-01-22,Google Ads,iOS,Nigeria
U02239,2025-03-31,Referral,Android,Nigeria
U02240,2025-04-30,Facebook Ads,Android,Nigeria
U02241,2025-03-23,Google Ads,Android,Nigeria
U02242,2025-02-19,Facebook Ads,Android,Nigeria
U02243,2025-01-14,Facebook Ads,Android,Nigeria
U02244,2025-03-05,Referral,iOS,Nigeria
U02245,2025-02-16,Referral,Android,Nigeria
U02246,2025-01-29,Facebook Ads,Android,Nigeria
U02247,2025-03-17,Google Ads,Android,Nigeria
U02248,2025-02-05,Facebook Ads,iOS,Nigeria
U02249,2025-04-09,Referral,Android,Nigeria
U02250,2025-02-21,Facebook Ads,iOS,Nigeria
U02251,2025-03-17,Facebook Ads,Android,Nigeria
U02252,2025-01-07,Google Ads,Android,Nigeria
U02253,2025-01-29,Google Ads,Android,Nigeria
U02254,2025-01-11,Google Ads,Android,Nigeria
U02255,2025-02-02,Facebook Ads,Android,Nigeria
U02256,2025-01-06,Facebook Ads,Android,Nigeria
U02257,2025-04-21,Google Ads,Android,Nigeria
U02258,2025-03-20,Facebook Ads,Android,Nigeria
U02259,2025-02-01,Referral,Android,Nigeria
U02260,2025-02-20,Facebook Ads,iOS,Nigeria
U02261,2025-03-16,Google Ads,Android,Nigeria
U02262,2025-02-27,Google Ads,Android,Nigeria
U02263,2025-03-28,Facebook Ads,iOS,Nigeria
U02264,2025-01-26,Google Ads,iOS,Nigeria
U02265,2025-04-08,Referral,iOS,Nigeria
U02266,2025-02-15,Facebook Ads,Android,Nigeria
U02267,2025-04-08,Organic,iOS,Nigeria
U02268,2025-01-29,Google Ads,Android,Nigeria
U02269,2025-01-04,Facebook Ads,Android,Nigeria
U02270,2025-03-22,Google Ads,iOS,Nigeria
U02271,2025-04-09,Facebook Ads,Android,Nigeria
U02272,2025-01-13,Referral,Android,Nigeria
U02273,2025-04-15,Referral,Android,Nigeria
U02274,2025-02-08,Referral,iOS,Nigeria
U02275,2025-01-15,Organic,Android,Nigeria
U02276,2025-04-29,Referral,Android,Nigeria
U02277,2025-01-29,Google Ads,Android,Nigeria
U02278,2025-01-29,Facebook Ads,Android,Nigeria
U02279,2025-03-16,Google Ads,iOS,Nigeria
U02280,2025-04-26,Facebook Ads,Android,Nigeria
U02281,2025-02-01,Referral,Android,Nigeria
U02282,2025-01-02,Google Ads,iOS,Nigeria
U02283,2025-02-16,Facebook Ads,Android,Nigeria
U02284,2025-03-19,Facebook Ads,Android,Nigeria
U02285,2025-03-25,Facebook Ads,iOS,Nigeria
U02286,2025-01-22,Google Ads,Android,Nigeria
U02287,2025-03-16,Google Ads,Android,Nigeria
U02288,2025-01-27,Google Ads,iOS,Nigeria
U02289,2025-03-08,Google Ads,iOS,Nigeria
U02290,2025-03-22,Google Ads,iOS,Nigeria
U02291,2025-04-18,Facebook Ads,iOS,Nigeria
U02292,2025-02-25,Facebook Ads,iOS,Nigeria
U02293,2025-04-02,Google Ads,iOS,Nigeria
U02294,2025-04-03,Google Ads,iOS,Nigeria
U02295,2025-01-21,Facebook Ads,Android,Nigeria
U02296,2025-02-16,Facebook Ads,Android,Nigeria
U02297,2025-03-21,Facebook Ads,iOS,Nigeria
U02298,2025-04-11,Google Ads,Android,Nigeria
U02299,2025-02-28,Facebook Ads,Android,Nigeria
U02300,2025-03-25,Google Ads,Android,Nigeria
U02301,2025-01-06,Referral,Android,Nigeria
U02302,2025-01-19,Facebook Ads,Android,Nigeria
U02303,2025-02-26,Organic,iOS,Nigeria
U02304,2025-03-10,Google Ads,iOS,Nigeria
U02305,2025-01-03,Google Ads,iOS,Nigeria
U02306,2025-01-01,Google Ads,iOS,Nigeria
U02307,2025-02-27,Google Ads,Android,Nigeria
U02308,2025-02-07,Google Ads,Android,Nigeria
U02309,2025-01-15,Google Ads,Android,Nigeria
U02310,2025-02-03,Facebook Ads,Android,Nigeria
U02311,2025-03-02,Facebook Ads,Android,Nigeria
U02312,2025-02-04,Facebook Ads,Android,Nigeria
U02313,2025-03-05,Facebook Ads,Android,Nigeria
U02314,2025-04-23,Facebook Ads,Android,Nigeria
U02315,2025-01-25,Facebook Ads,iOS,Nigeria
U02316,2025-01-24,Referral,Android,Nigeria
U02317,2025-01-12,Referral,Android,Nigeria
U02318,2025-01-18,Organic,Android,Nigeria
U02319,2025-01-15,Google Ads,Android,Nigeria
U02320,2025-04-18,Referral,Android,Nigeria
U02321,2025-03-21,Referral,Android,Nigeria
U02322,2025-01-27,Google Ads,Android,Nigeria
U02323,2025-03-13,Facebook Ads,iOS,Nigeria
U02324,2025-03-01,Organic,Android,Nigeria
U02325,2025-02-15,Google Ads,iOS,Nigeria
U02326,2025-03-30,Google Ads,iOS,Nigeria
U02327,2025-01-17,Facebook Ads,Android,Nigeria
U02328,2025-04-03,Facebook Ads,iOS,Nigeria
U02329,2025-02-22,Referral,Android,Nigeria
U02330,2025-01-08,Google Ads,Android,Nigeria
U02331,2025-03-20,Facebook Ads,Android,Nigeria
U02332,2025-01-27,Facebook Ads,iOS,Nigeria
U02333,2025-02-15,Google Ads,Android,Nigeria
U02334,2025-02-19,Google Ads,iOS,Nigeria
U02335,2025-04-26,Facebook Ads,iOS,Nigeria
U02336,2025-03-12,Referral,iOS,Nigeria
U02337,2025-01-03,Facebook Ads,Android,Nigeria
U02338,2025-04-03,Facebook Ads,iOS,Nigeria
U02339,2025-03-05,Google Ads,Android,Nigeria
U02340,2025-02-13,Facebook Ads,Android,Nigeria
U02341,2025-02-22,Referral,iOS,Nigeria
U02342,2025-01-24,Referral,iOS,Nigeria
U02343,2025-03-01,Referral,Android,Nigeria
U02344,2025-01-03,Facebook Ads,Android,Nigeria
U02345,2025-01-20,Facebook Ads,Android,Nigeria
U02346,2025-02-15,Facebook Ads,Android,Nigeria
U02347,2025-01-15,Google Ads,Android,Nigeria
U02348,2025-01-25,Referral,Android,Nigeria
U02349,2025-04-04,Referral,Android,Nigeria
U02350,2025-03-19,Referral,iOS,Nigeria
U02351,2025-03-12,Organic,Android,Nigeria
U02352,2025-01-17,Referral,iOS,Nigeria
U02353,2025-04-18,Facebook Ads,iOS,Nigeria
U02354,2025-03-25,Facebook Ads,Android,Nigeria
U02355,2025-04-10,Google Ads,Android,Nigeria
U02356,2025-01-09,Facebook Ads,Android,Nigeria
U02357,2025-02-07,Facebook Ads,iOS,Nigeria
U02358,2025-02-17,Google Ads,Android,Nigeria
U02359,2025-03-01,Referral,Android,Nigeria
U02360,2025-03-04,Facebook Ads,Android,Nigeria
U02361,2025-03-27,Referral,Android,Nigeria
U02362,2025-04-28,Referral,Android,Nigeria
U02363,2025-04-27,Google Ads,iOS,Nigeria
U02364,2025-04-27,Facebook Ads,Android,Nigeria
U02365,2025-01-02,Facebook Ads,iOS,Nigeria
U02366,2025-03-29,Referral,iOS,Nigeria
U02367,2025-03-13,Referral,Android,Nigeria
U02368,2025-01-11,Referral,Android,Nigeria
U02369,2025-03-05,Google Ads,iOS,Nigeria
U02370,2025-03-18,Facebook Ads,iOS,Nigeria
U02371,2025-03-22,Facebook Ads,Android,Nigeria
U02372,2025-03-13,Referral,iOS,Nigeria
U02373,2025-01-21,Facebook Ads,Android,Nigeria
U02374,2025-01-18,Facebook Ads,Android,Nigeria
U02375,2025-04-04,Google Ads,Android,Nigeria
U02376,2025-03-05,Facebook Ads,Android,Nigeria
U02377,2025-03-23,Facebook Ads,Android,Nigeria
U02378,2025-04-20,Google Ads,Android,Nigeria
U02379,2025-04-21,Facebook Ads,Android,Nigeria
U02380,2025-04-05,Facebook Ads,Android,Nigeria
U02381,2025-02-07,Referral,iOS,Nigeria
U02382,2025-02-01,Referral,iOS,Nigeria
U02383,2025-01-11,Facebook Ads,Android,Nigeria
U02384,2025-02-14,Referral,Android,Nigeria
U02385,2025-03-30,Facebook Ads,Android,Nigeria
U02386,2025-02-02,Google Ads,Android,Nigeria
U02387,2025-04-12,Referral,Android,Nigeria
U02388,2025-02-10,Referral,Android,Nigeria
U02389,2025-01-08,Referral,iOS,Nigeria
U02390,2025-01-11,Facebook Ads,iOS,Nigeria
U02391,2025-03-27,Facebook Ads,Android,Nigeria
U02392,2025-02-20,Referral,iOS,Nigeria
U02393,2025-03-29,Facebook Ads,Android,Nigeria
U02394,2025-02-10,Facebook Ads,Android,Nigeria
U02395,2025-01-17,Referral,iOS,Nigeria
U02396,2025-03-17,Referral,Android,Nigeria
U02397,2025-02-15,Referral,Android,Nigeria
U02398,2025-02-01,Facebook Ads,iOS,Nigeria
U02399,2025-03-20,Referral,iOS,Nigeria
U02400,2025-03-21,Facebook Ads,iOS,Nigeria
U02401,2025-02-23,Facebook Ads,iOS,Nigeria
U02402,2025-03-27,Google Ads,iOS,Nigeria
U02403,2025-04-02,Facebook Ads,Android,Nigeria
U02404,2025-01-20,Facebook Ads,Android,Nigeria
U02405,2025-02-02,Google Ads,Android,Nigeria
U02406,2025-03-15,Facebook Ads,Android,Nigeria
U02407,2025-02-09,Facebook Ads,Android,Nigeria
U02408,2025-02-01,Facebook Ads,Android,Nigeria
U02409,2025-04-24,Google Ads,Android,Nigeria
U02410,2025-04-07,Google Ads,Android,Nigeria
U02411,2025-01-02,Referral,iOS,Nigeria
U02412,2025-04-07,Referral,Android,Nigeria
U02413,2025-02-02,Google Ads,Android,Nigeria
U02414,2025-04-15,Referral,iOS,Nigeria
U02415,2025-03-18,Facebook Ads,iOS,Nigeria
U02416,2025-01-30,Facebook Ads,Android,Nigeria
U02417,2025-02-02,Referral,Android,Nigeria
U02418,2025-03-18,Facebook Ads,Android,Nigeria
U02419,2025-04-26,Organic,Android,Nigeria
U02420,2025-01-26,Google Ads,Android,Nigeria
U02421,2025-01-22,Referral,Android,Nigeria
U02422,2025-04-13,Google Ads,Android,Nigeria
U02423,2025-03-07,Google Ads,Android,Nigeria
U02424,2025-02-07,Facebook Ads,Android,Nigeria
U02425,2025-04-13,Referral,iOS,Nigeria
U02426,2025-03-31,Google Ads,iOS,Nigeria
U02427,2025-02-15,Organic,Android,Nigeria
U02428,2025-04-24,Facebook Ads,Android,Nigeria
U02429,2025-01-15,Facebook Ads,Android,Nigeria
U02430,2025-04-08,Facebook Ads,Android,Nigeria
U02431,2025-04-16,Google Ads,Android,Nigeria
U02432,2025-04-29,Referral,Android,Nigeria
U02433,2025-02-13,Facebook Ads,Android,Nigeria
U02434,2025-02-18,Google Ads,Android,Nigeria
U02435,2025-04-14,Facebook Ads,Android,Nigeria
U02436,2025-03-16,Google Ads,Android,Nigeria
U02437,2025-03-02,Referral,Android,Nigeria
U02438,2025-03-08,Facebook Ads,Android,Nigeria
U02439,2025-01-06,Google Ads,Android,Nigeria
U02440,2025-01-09,Organic,Android,Nigeria
U02441,2025-01-06,Referral,Android,Nigeria
U02442,2025-03-14,Google Ads,Android,Nigeria
U02443,2025-04-13,Google Ads,Android,Nigeria
U02444,2025-04-05,Facebook Ads,Android,Nigeria
U02445,2025-02-01,Google Ads,Android,Nigeria
U02446,2025-02-10,Referral,Android,Nigeria
U02447,2025-04-24,Google Ads,Android,Nigeria
U02448,2025-03-17,Facebook Ads,iOS,Nigeria
U02449,2025-01-08,Facebook Ads,iOS,Nigeria
U02450,2025-03-13,Facebook Ads,iOS,Nigeria
U02451,2025-02-19,Facebook Ads,Android,Nigeria
U02452,2025-04-02,Facebook Ads,iOS,Nigeria
U02453,2025-03-03,Google Ads,Android,Nigeria
U02454,2025-03-25,Facebook Ads,Android,Nigeria
U02455,2025-03-03,Facebook Ads,Android,Nigeria
U02456,2025-04-21,Google Ads,iOS,Nigeria
U02457,2025-01-07,Facebook Ads,Android,Nigeria
U02458,2025-03-16,Facebook Ads,iOS,Nigeria
U02459,2025-03-25,Facebook Ads,Android,Nigeria
U02460,2025-03-21,Facebook Ads,Android,Nigeria
U02461,2025-01-04,Google Ads,Android,Nigeria
U02462,2025-01-06,Facebook Ads,Android,Nigeria
U02463,2025-02-27,Referral,Android,Nigeria
U02464,2025-01-22,Organic,Android,Nigeria
U02465,2025-01-26,Referral,Android,Nigeria
U02466,2025-01-03,Google Ads,Android,Nigeria
U02467,2025-02-10,Referral,Android,Nigeria
U02468,2025-03-01,Google Ads,iOS,Nigeria
U02469,2025-04-16,Facebook Ads,Android,Nigeria
U02470,2025-01-14,Facebook Ads,Android,Nigeria
U02471,2025-03-16,Referral,Android,Nigeria
U02472,2025-03-23,Facebook Ads,Android,Nigeria
U02473,2025-04-28,Facebook Ads,iOS,Nigeria
U02474,2025-01-12,Referral,iOS,Nigeria
U02475,2025-03-28,Referral,Android,Nigeria
U02476,2025-01-12,Facebook Ads,Android,Nigeria
U02477,2025-01-13,Google Ads,iOS,Nigeria
U02478,2025-01-25,Facebook Ads,iOS,Nigeria
U02479,2025-02-14,Referral,iOS,Nigeria
U02480,2025-04-25,Facebook Ads,iOS,Nigeria
U02481,2025-01-19,Facebook Ads,Android,Nigeria
U02482,2025-02-24,Referral,Android,Nigeria
U02483,2025-04-20,Google Ads,Android,Nigeria
U02484,2025-04-10,Google Ads,Android,Nigeria
U02485,2025-02-14,Google Ads,Android,Nigeria
U02486,2025-01-08,Facebook Ads,Android,Nigeria
U02487,2025-04-03,Google Ads,Android,Nigeria
U02488,2025-04-29,Facebook Ads,Android,Nigeria
U02489,2025-02-22,Facebook Ads,Android,Nigeria
U02490,2025-02-24,Facebook Ads,Android,Nigeria
U02491,2025-02-01,Google Ads,Android,Nigeria
U02492,2025-02-20,Organic,iOS,Nigeria
U02493,2025-02-13,Organic,iOS,Nigeria
U02494,2025-03-23,Google Ads,Android,Nigeria
U02495,2025-03-11,Facebook Ads,Android,Nigeria
U02496,2025-01-18,Google Ads,Android,Nigeria
U02497,2025-03-24,Referral,Android,Nigeria
U02498,2025-01-22,Facebook Ads,Android,Nigeria
U02499,2025-02-06,Organic,Android,Nigeria
U02500,2025-04-06,Facebook Ads,iOS,Nigeria
U02501,2025-02-25,Organic,Android,Nigeria
U02502,2025-04-15,Referral,Android,Nigeria
U02503,2025-02-28,Referral,Android,Nigeria
U02504,2025-01-03,Facebook Ads,Android,Nigeria
U02505,2025-01-28,Facebook Ads,Android,Nigeria
U02506,2025-03-15,Facebook Ads,iOS,Nigeria
U02507,2025-04-25,Facebook Ads,Android,Nigeria
U02508,2025-02-04,Facebook Ads,Android,Nigeria
U02509,2025-03-02,Google Ads,Android,Nigeria
U02510,2025-04-03,Google Ads,Android,Nigeria
U02511,2025-02-23,Google Ads,Android,Nigeria
U02512,2025-03-04,Google Ads,Android,Nigeria
U02513,2025-03-20,Facebook Ads,Android,Nigeria
U02514,2025-04-07,Organic,Android,Nigeria
U02515,2025-01-07,Facebook Ads,iOS,Nigeria
U02516,2025-03-17,Google Ads,Android,Nigeria
U02517,2025-02-18,Google Ads,Android,Nigeria
U02518,2025-04-04,Referral,Android,Nigeria
U02519,2025-03-26,Facebook Ads,Android,Nigeria
U02520,2025-01-31,Google Ads,Android,Nigeria
U02521,2025-02-27,Google Ads,Android,Nigeria
U02522,2025-03-02,Facebook Ads,Android,Nigeria
U02523,2025-01-24,Google Ads,Android,Nigeria
U02524,2025-01-20,Organic,Android,Nigeria
U02525,2025-02-06,Organic,Android,Nigeria
U02526,2025-01-04,Facebook Ads,Android,Nigeria
U02527,2025-04-02,Facebook Ads,iOS,Nigeria
U02528,2025-04-18,Facebook Ads,iOS,Nigeria
U02529,2025-01-20,Facebook Ads,Android,Nigeria
U02530,2025-03-01,Facebook Ads,Android,Nigeria
U02531,2025-01-24,Facebook Ads,iOS,Nigeria
U02532,2025-02-19,Organic,Android,Nigeria
U02533,2025-02-18,Organic,Android,Nigeria
U02534,2025-02-20,Facebook Ads,iOS,Nigeria
U02535,2025-04-06,Facebook Ads,Android,Nigeria
U02536,2025-04-15,Google Ads,iOS,Nigeria
U02537,2025-02-05,Facebook Ads,iOS,Nigeria
U02538,2025-04-27,Google Ads,Android,Nigeria
U02539,2025-04-08,Google Ads,iOS,Nigeria
U02540,2025-04-10,Referral,Android,Nigeria
U02541,2025-03-07,Referral,Android,Nigeria
U02542,2025-03-20,Google Ads,iOS,Nigeria
U02543,2025-02-03,Google Ads,Android,Nigeria
U02544,2025-02-05,Facebook Ads,iOS,Nigeria
U02545,2025-01-06,Google Ads,iOS,Nigeria
U02546,2025-02-08,Google Ads,iOS,Nigeria
U02547,2025-02-11,Facebook Ads,iOS,Nigeria
U02548,2025-04-25,Facebook Ads,Android,Nigeria
U02549,2025-04-25,Facebook Ads,Android,Nigeria
U02550,2025-02-27,Organic,iOS,Nigeria
U02551,2025-04-28,Facebook Ads,Android,Nigeria
U02552,2025-01-12,Facebook Ads,Android,Nigeria
U02553,2025-01-03,Facebook Ads,Android,Nigeria
U02554,2025-04-19,Google Ads,iOS,Nigeria
U02555,2025-01-18,Facebook Ads,iOS,Nigeria
U02556,2025-02-09,Organic,Android,Nigeria
U02557,2025-01-21,Referral,Android,Nigeria
U02558,2025-01-15,Google Ads,Android,Nigeria
U02559,2025-04-07,Google Ads,Android,Nigeria
U02560,2025-04-09,Facebook Ads,Android,Nigeria
U02561,2025-01-26,Facebook Ads,Android,Nigeria
U02562,2025-01-08,Referral,Android,Nigeria
U02563,2025-04-10,Facebook Ads,Android,Nigeria
U02564,2025-04-22,Facebook Ads,Android,Nigeria
U02565,2025-04-04,Google Ads,Android,Nigeria
U02566,2025-03-28,Facebook Ads,iOS,Nigeria
U02567,2025-02-11,Organic,Android,Nigeria
U02568,2025-02-13,Facebook Ads,Android,Nigeria
U02569,2025-01-14,Referral,Android,Nigeria
U02570,2025-03-19,Google Ads,Android,Nigeria
U02571,2025-01-02,Referral,Android,Nigeria
U02572,2025-04-29,Facebook Ads,Android,Nigeria
U02573,2025-02-06,Google Ads,Android,Nigeria
U02574,2025-03-10,Referral,Android,Nigeria
U02575,2025-02-07,Google Ads,iOS,Nigeria
U02576,2025-04-19,Facebook Ads,Android,Nigeria
U02577,2025-02-10,Google Ads,Android,Nigeria
U02578,2025-03-03,Referral,iOS,Nigeria
U02579,2025-04-28,Google Ads,Android,Nigeria
U02580,2025-03-01,Organic,iOS,Nigeria
U02581,2025-04-21,Facebook Ads,iOS,Nigeria
U02582,2025-01-14,Google Ads,Android,Nigeria
U02583,2025-04-30,Referral,iOS,Nigeria
U02584,2025-04-13,Google Ads,iOS,Nigeria
U02585,2025-03-30,Referral,iOS,Nigeria
U02586,2025-03-25,Organic,Android,Nigeria
U02587,2025-01-02,Google Ads,Android,Nigeria
U02588,2025-04-13,Facebook Ads,iOS,Nigeria
U02589,2025-03-11,Facebook Ads,Android,Nigeria
U02590,2025-01-17,Referral,Android,Nigeria
U02591,2025-03-30,Referral,Android,Nigeria
U02592,2025-01-28,Facebook Ads,Android,Nigeria
U02593,2025-03-07,Facebook Ads,Android,Nigeria
U02594,2025-02-04,Facebook Ads,iOS,Nigeria
U02595,2025-04-11,Referral,iOS,Nigeria
U02596,2025-01-05,Facebook Ads,Android,Nigeria
U02597,2025-03-06,Google Ads,iOS,Nigeria
U02598,2025-02-09,Google Ads,iOS,Nigeria
U02599,2025-03-17,Referral,Android,Nigeria
U02600,2025-02-25,Google Ads,Android,Nigeria
U02601,2025-02-05,Google Ads,iOS,Nigeria
U02602,2025-02-14,Facebook Ads,Android,Nigeria
U02603,2025-01-23,Google Ads,iOS,Nigeria
U02604,2025-02-16,Referral,iOS,Nigeria
U02605,2025-01-31,Organic,Android,Nigeria
U02606,2025-01-11,Facebook Ads,Android,Nigeria
U02607,2025-01-10,Facebook Ads,Android,Nigeria
U02608,2025-03-08,Facebook Ads,Android,Nigeria
U02609,2025-04-28,Facebook Ads,Android,Nigeria
U02610,2025-01-14,Referral,iOS,Nigeria
U02611,2025-03-21,Facebook Ads,Android,Nigeria
U02612,2025-03-15,Google Ads,iOS,Nigeria
U02613,2025-04-03,Facebook Ads,Android,Nigeria
U02614,2025-01-10,Facebook Ads,iOS,Nigeria
U02615,2025-03-17,Google Ads,Android,Nigeria
U02616,2025-04-04,Facebook Ads,iOS,Nigeria
U02617,2025-04-15,Facebook Ads,iOS,Nigeria
U02618,2025-01-01,Referral,Android,Nigeria
U02619,2025-01-05,Google Ads,iOS,Nigeria
U02620,2025-01-20,Facebook Ads,Android,Nigeria
U02621,2025-01-08,Organic,Android,Nigeria
U02622,2025-02-12,Google Ads,Android,Nigeria
U02623,2025-03-17,Referral,iOS,Nigeria
U02624,2025-01-01,Facebook Ads,Android,Nigeria
U02625,2025-02-26,Facebook Ads,Android,Nigeria
U02626,2025-03-05,Facebook Ads,iOS,Nigeria
U02627,2025-04-28,Facebook Ads,iOS,Nigeria
U02628,2025-03-25,Google Ads,Android,Nigeria
U02629,2025-01-28,Organic,Android,Nigeria
U02630,2025-04-17,Google Ads,Android,Nigeria
U02631,2025-02-06,Facebook Ads,iOS,Nigeria
U02632,2025-02-16,Google Ads,iOS,Nigeria
U02633,2025-04-11,Facebook Ads,Android,Nigeria
U02634,2025-03-17,Google Ads,Android,Nigeria
U02635,2025-02-06,Google Ads,Android,Nigeria
U02636,2025-02-18,Referral,iOS,Nigeria
U02637,2025-04-23,Organic,Android,Nigeria
U02638,2025-04-30,Facebook Ads,Android,Nigeria
U02639,2025-02-13,Google Ads,Android,Nigeria
U02640,2025-02-25,Organic,Android,Nigeria
U02641,2025-01-28,Referral,Android,Nigeria
U02642,2025-04-21,Google Ads,Android,Nigeria
U02643,2025-03-20,Organic,iOS,Nigeria
U02644,2025-01-06,Facebook Ads,Android,Nigeria
U02645,2025-04-18,Organic,Android,Nigeria
U02646,2025-03-02,Facebook Ads,iOS,Nigeria
U02647,2025-01-20,Google Ads,Android,Nigeria
U02648,2025-04-24,Referral,Android,Nigeria
U02649,2025-03-19,Facebook Ads,Android,Nigeria
U02650,2025-01-02,Google Ads,iOS,Nigeria
U02651,2025-03-14,Facebook Ads,Android,Nigeria
U02652,2025-02-06,Organic,iOS,Nigeria
U02653,2025-01-20,Referral,Android,Nigeria
U02654,2025-01-26,Referral,Android,Nigeria
U02655,2025-01-29,Google Ads,iOS,Nigeria
U02656,2025-01-01,Referral,iOS,Nigeria
U02657,2025-04-29,Facebook Ads,Android,Nigeria
U02658,2025-02-04,Google Ads,iOS,Nigeria
U02659,2025-03-11,Referral,Android,Nigeria
U02660,2025-04-11,Facebook Ads,Android,Nigeria
U02661,2025-04-27,Facebook Ads,Android,Nigeria
U02662,2025-02-28,Facebook Ads,Android,Nigeria
U02663,2025-03-10,Facebook Ads,Android,Nigeria
U02664,2025-02-02,Referral,Android,Nigeria
U02665,2025-04-23,Google Ads,Android,Nigeria
U02666,2025-02-20,Referral,Android,Nigeria
U02667,2025-03-19,Facebook Ads,iOS,Nigeria
U02668,2025-01-12,Facebook Ads,iOS,Nigeria
U02669,2025-04-16,Facebook Ads,iOS,Nigeria
U02670,2025-01-20,Referral,Android,Nigeria
U02671,2025-02-22,Google Ads,Android,Nigeria
U02672,2025-04-24,Organic,iOS,Nigeria
U02673,2025-03-29,Google Ads,iOS,Nigeria
U02674,2025-02-12,Google Ads,Android,Nigeria
U02675,2025-04-08,Google Ads,iOS,Nigeria
U02676,2025-03-30,Organic,iOS,Nigeria
U02677,2025-02-19,Referral,iOS,Nigeria
U02678,2025-01-29,Facebook Ads,Android,Nigeria
U02679,2025-02-26,Google Ads,Android,Nigeria
U02680,2025-02-08,Google Ads,Android,Nigeria
U02681,2025-04-05,Referral,Android,Nigeria
U02682,2025-02-25,Facebook Ads,Android,Nigeria
U02683,2025-04-21,Referral,Android,Nigeria
U02684,2025-02-12,Organic,iOS,Nigeria
U02685,2025-02-19,Facebook Ads,Android,Nigeria
U02686,2025-01-23,Referral,Android,Nigeria
U02687,2025-02-13,Facebook Ads,Android,Nigeria
U02688,2025-02-07,Facebook Ads,Android,Nigeria
U02689,2025-03-25,Facebook Ads,iOS,Nigeria
U02690,2025-01-23,Facebook Ads,Android,Nigeria
U02691,2025-02-14,Referral,iOS,Nigeria
U02692,2025-02-21,Facebook Ads,Android,Nigeria
U02693,2025-03-21,Facebook Ads,Android,Nigeria
U02694,2025-02-19,Facebook Ads,iOS,Nigeria
U02695,2025-04-16,Facebook Ads,Android,Nigeria
U02696,2025-04-29,Facebook Ads,Android,Nigeria
U02697,2025-01-08,Google Ads,Android,Nigeria
U02698,2025-04-24,Facebook Ads,Android,Nigeria
U02699,2025-03-26,Referral,Android,Nigeria
U02700,2025-01-01,Referral,iOS,Nigeria
U02701,2025-04-29,Facebook Ads,Android,Nigeria
U02702,2025-01-08,Referral,iOS,Nigeria
U02703,2025-01-29,Facebook Ads,Android,Nigeria
U02704,2025-04-06,Facebook Ads,Android,Nigeria
U02705,2025-04-12,Facebook Ads,Android,Nigeria
U02706,2025-01-05,Facebook Ads,Android,Nigeria
U02707,2025-04-21,Google Ads,Android,Nigeria
U02708,2025-03-27,Referral,Android,Nigeria
U02709,2025-02-16,Facebook Ads,Android,Nigeria
U02710,2025-02-03,Referral,iOS,Nigeria
U02711,2025-03-06,Facebook Ads,Android,Nigeria
U02712,2025-02-24,Referral,iOS,Nigeria
U02713,2025-04-29,Facebook Ads,Android,Nigeria
U02714,2025-03-31,Facebook Ads,Android,Nigeria
U02715,2025-02-12,Facebook Ads,Android,Nigeria
U02716,2025-03-15,Facebook Ads,Android,Nigeria
U02717,2025-01-30,Google Ads,iOS,Nigeria
U02718,2025-04-24,Referral,Android,Nigeria
U02719,2025-03-23,Facebook Ads,Android,Nigeria
U02720,2025-01-17,Referral,Android,Nigeria
U02721,2025-01-26,Google Ads,Android,Nigeria
U02722,2025-01-08,Referral,Android,Nigeria
U02723,2025-02-16,Facebook Ads,iOS,Nigeria
U02724,2025-04-14,Google Ads,Android,Nigeria
U02725,2025-04-23,Organic,iOS,Nigeria
U02726,2025-03-17,Google Ads,iOS,Nigeria
U02727,2025-04-01,Facebook Ads,Android,Nigeria
U02728,2025-03-13,Facebook Ads,Android,Nigeria
U02729,2025-03-30,Facebook Ads,Android,Nigeria
U02730,2025-02-15,Google Ads,Android,Nigeria
U02731,2025-03-09,Referral,Android,Nigeria
U02732,2025-02-02,Facebook Ads,iOS,Nigeria
U02733,2025-01-01,Google Ads,Android,Nigeria
U02734,2025-01-19,Google Ads,Android,Nigeria
U02735,2025-01-31,Google Ads,Android,Nigeria
U02736,2025-03-21,Google Ads,Android,Nigeria
U02737,2025-01-14,Referral,iOS,Nigeria
U02738,2025-02-22,Facebook Ads,Android,Nigeria
U02739,2025-02-17,Referral,Android,Nigeria
U02740,2025-03-10,Facebook Ads,Android,Nigeria
U02741,2025-04-15,Facebook Ads,iOS,Nigeria
U02742,2025-03-31,Facebook Ads,Android,Nigeria
U02743,2025-03-03,Facebook Ads,iOS,Nigeria
U02744,2025-04-02,Facebook Ads,Android,Nigeria
U02745,2025-03-07,Facebook Ads,Android,Nigeria
U02746,2025-04-24,Referral,Android,Nigeria
U02747,2025-03-05,Facebook Ads,Android,Nigeria
U02748,2025-03-11,Referral,Android,Nigeria
U02749,2025-03-04,Facebook Ads,Android,Nigeria
U02750,2025-03-14,Organic,Android,Nigeria
U02751,2025-02-02,Referral,Android,Nigeria
U02752,2025-02-10,Facebook Ads,Android,Nigeria
U02753,2025-03-30,Referral,Android,Nigeria
U02754,2025-02-17,Google Ads,iOS,Nigeria
U02755,2025-01-13,Referral,Android,Nigeria
U02756,2025-03-14,Google Ads,Android,Nigeria
U02757,2025-04-27,Google Ads,Android,Nigeria
U02758,2025-03-18,Referral,iOS,Nigeria
U02759,2025-01-31,Google Ads,iOS,Nigeria
U02760,2025-04-15,Facebook Ads,Android,Nigeria
U02761,2025-03-16,Referral,Android,Nigeria
U02762,2025-03-09,Facebook Ads,iOS,Nigeria
U02763,2025-04-08,Google Ads,iOS,Nigeria
U02764,2025-04-12,Facebook Ads,Android,Nigeria
U02765,2025-04-20,Google Ads,iOS,Nigeria
U02766,2025-01-04,Organic,Android,Nigeria
U02767,2025-04-12,Facebook Ads,iOS,Nigeria
U02768,2025-01-19,Facebook Ads,Android,Nigeria
U02769,2025-03-11,Google Ads,Android,Nigeria
U02770,2025-04-08,Referral,Android,Nigeria
U02771,2025-03-23,Google Ads,iOS,Nigeria
U02772,2025-01-13,Facebook Ads,iOS,Nigeria
U02773,2025-04-15,Organic,Android,Nigeria
U02774,2025-01-23,Google Ads,Android,Nigeria
U02775,2025-03-24,Facebook Ads,Android,Nigeria
U02776,2025-04-19,Facebook Ads,Android,Nigeria
U02777,2025-03-16,Google Ads,Android,Nigeria
U02778,2025-01-01,Facebook Ads,Android,Nigeria
U02779,2025-03-29,Facebook Ads,iOS,Nigeria
U02780,2025-02-23,Referral,Android,Nigeria
U02781,2025-03-12,Facebook Ads,Android,Nigeria
U02782,2025-03-30,Referral,Android,Nigeria
U02783,2025-03-26,Facebook Ads,Android,Nigeria
U02784,2025-01-15,Referral,iOS,Nigeria
U02785,2025-03-06,Referral,Android,Nigeria
U02786,2025-03-17,Facebook Ads,Android,Nigeria
U02787,2025-03-12,Google Ads,Android,Nigeria
U02788,2025-01-15,Facebook Ads,Android,Nigeria
U02789,2025-01-21,Referral,Android,Nigeria
U02790,2025-01-19,Referral,Android,Nigeria
U02791,2025-03-01,Google Ads,Android,Nigeria
U02792,2025-04-03,Google Ads,Android,Nigeria
U02793,2025-03-30,Facebook Ads,Android,Nigeria
U02794,2025-02-02,Referral,Android,Nigeria
U02795,2025-02-18,Facebook Ads,Android,Nigeria
U02796,2025-04-06,Facebook Ads,Android,Nigeria
U02797,2025-04-23,Google Ads,iOS,Nigeria
U02798,2025-02-04,Facebook Ads,Android,Nigeria
U02799,2025-02-13,Referral,Android,Nigeria
U02800,2025-04-12,Facebook Ads,Android,Nigeria
U02801,2025-03-31,Google Ads,Android,Nigeria
U02802,2025-01-11,Facebook Ads,Android,Nigeria
U02803,2025-04-09,Facebook Ads,iOS,Nigeria
U02804,2025-03-13,Google Ads,Android,Nigeria
U02805,2025-04-20,Organic,Android,Nigeria
U02806,2025-03-19,Referral,Android,Nigeria
U02807,2025-03-15,Facebook Ads,iOS,Nigeria
U02808,2025-03-07,Facebook Ads,Android,Nigeria
U02809,2025-02-15,Referral,Android,Nigeria
U02810,2025-01-09,Google Ads,iOS,Nigeria
U02811,2025-01-03,Facebook Ads,iOS,Nigeria
U02812,2025-03-26,Referral,iOS,Nigeria
U02813,2025-01-26,Referral,Android,Nigeria
U02814,2025-03-13,Organic,Android,Nigeria
U02815,2025-02-17,Organic,Android,Nigeria
U02816,2025-03-07,Referral,Android,Nigeria
U02817,2025-03-11,Facebook Ads,Android,Nigeria
U02818,2025-01-28,Facebook Ads,iOS,Nigeria
U02819,2025-04-27,Google Ads,iOS,Nigeria
U02820,2025-04-03,Google Ads,Android,Nigeria
U02821,2025-01-26,Google Ads,Android,Nigeria
U02822,2025-01-25,Facebook Ads,Android,Nigeria
U02823,2025-01-12,Google Ads,iOS,Nigeria
U02824,2025-01-05,Google Ads,Android,Nigeria
U02825,2025-04-08,Facebook Ads,iOS,Nigeria
U02826,2025-02-17,Facebook Ads,Android,Nigeria
U02827,2025-02-06,Google Ads,Android,Nigeria
U02828,2025-03-20,Referral,iOS,Nigeria
U02829,2025-02-13,Facebook Ads,Android,Nigeria
U02830,2025-04-10,Google Ads,Android,Nigeria
U02831,2025-01-15,Referral,iOS,Nigeria
U02832,2025-02-12,Google Ads,Android,Nigeria
U02833,2025-02-17,Facebook Ads,Android,Nigeria
U02834,2025-03-28,Google Ads,Android,Nigeria
U02835,2025-03-11,Facebook Ads,Android,Nigeria
U02836,2025-02-15,Organic,iOS,Nigeria
U02837,2025-04-24,Facebook Ads,iOS,Nigeria
U02838,2025-04-18,Google Ads,iOS,Nigeria
U02839,2025-02-12,Facebook Ads,Android,Nigeria
U02840,2025-04-19,Google Ads,Android,Nigeria
U02841,2025-01-21,Google Ads,Android,Nigeria
U02842,2025-01-23,Facebook Ads,iOS,Nigeria
U02843,2025-04-17,Google Ads,Android,Nigeria
U02844,2025-04-29,Facebook Ads,Android,Nigeria
U02845,2025-03-21,Facebook Ads,iOS,Nigeria
U02846,2025-02-16,Google Ads,Android,Nigeria
U02847,2025-04-27,Facebook Ads,Android,Nigeria
U02848,2025-01-15,Referral,Android,Nigeria
U02849,2025-01-25,Google Ads,iOS,Nigeria
U02850,2025-02-05,Google Ads,Android,Nigeria
U02851,2025-03-16,Facebook Ads,iOS,Nigeria
U02852,2025-02-20,Google Ads,Android,Nigeria
U02853,2025-01-15,Referral,iOS,Nigeria
U02854,2025-03-09,Facebook Ads,Android,Nigeria
U02855,2025-01-21,Referral,Android,Nigeria
U02856,2025-01-13,Facebook Ads,iOS,Nigeria
U02857,2025-03-27,Referral,iOS,Nigeria
U02858,2025-01-19,Facebook Ads,Android,Nigeria
U02859,2025-02-03,Referral,iOS,Nigeria
U02860,2025-03-19,Google Ads,iOS,Nigeria
U02861,2025-03-09,Facebook Ads,Android,Nigeria
U02862,2025-04-22,Facebook Ads,Android,Nigeria
U02863,2025-04-27,Google Ads,iOS,Nigeria
U02864,2025-02-21,Organic,Android,Nigeria
U02865,2025-04-20,Facebook Ads,Android,Nigeria
U02866,2025-01-27,Facebook Ads,iOS,Nigeria
U02867,2025-01-29,Google Ads,Android,Nigeria
U02868,2025-04-21,Google Ads,Android,Nigeria
U02869,2025-01-28,Google Ads,iOS,Nigeria
U02870,2025-02-04,Google Ads,Android,Nigeria
U02871,2025-01-08,Facebook Ads,iOS,Nigeria
U02872,2025-01-16,Organic,iOS,Nigeria
U02873,2025-04-16,Google Ads,Android,Nigeria
U02874,2025-02-05,Facebook Ads,Android,Nigeria
U02875,2025-01-30,Referral,Android,Nigeria
U02876,2025-01-18,Google Ads,Android,Nigeria
U02877,2025-01-02,Facebook Ads,Android,Nigeria
U02878,2025-02-18,Google Ads,Android,Nigeria
U02879,2025-03-18,Facebook Ads,Android,Nigeria
U02880,2025-01-04,Google Ads,Android,Nigeria
U02881,2025-03-31,Referral,Android,Nigeria
U02882,2025-03-30,Facebook Ads,Android,Nigeria
U02883,2025-04-04,Facebook Ads,Android,Nigeria
U02884,2025-03-16,Referral,Android,Nigeria
U02885,2025-01-07,Organic,Android,Nigeria
U02886,2025-04-05,Google Ads,Android,Nigeria
U02887,2025-04-18,Google Ads,Android,Nigeria
U02888,2025-03-15,Google Ads,iOS,Nigeria
U02889,2025-02-08,Organic,Android,Nigeria
U02890,2025-01-13,Referral,Android,Nigeria
U02891,2025-01-31,Facebook Ads,Android,Nigeria
U02892,2025-03-12,Google Ads,Android,Nigeria
U02893,2025-03-04,Google Ads,Android,Nigeria
U02894,2025-02-25,Referral,iOS,Nigeria
U02895,2025-04-23,Google Ads,Android,Nigeria
U02896,2025-02-11,Google Ads,iOS,Nigeria
U02897,2025-03-02,Organic,Android,Nigeria
U02898,2025-02-11,Facebook Ads,Android,Nigeria
U02899,2025-02-25,Facebook Ads,Android,Nigeria
U02900,2025-02-05,Google Ads,Android,Nigeria
U02901,2025-03-25,Facebook Ads,Android,Nigeria
U02902,2025-03-09,Facebook Ads,Android,Nigeria
U02903,2025-04-28,Facebook Ads,Android,Nigeria
U02904,2025-01-07,Google Ads,Android,Nigeria
U02905,2025-02-23,Referral,Android,Nigeria
U02906,2025-01-01,Google Ads,Android,Nigeria
U02907,2025-02-13,Google Ads,Android,Nigeria
U02908,2025-04-30,Facebook Ads,Android,Nigeria
U02909,2025-02-14,Referral,iOS,Nigeria
U02910,2025-04-16,Referral,Android,Nigeria
U02911,2025-02-16,Google Ads,Android,Nigeria
U02912,2025-01-13,Facebook Ads,Android,Nigeria
U02913,2025-04-29,Facebook Ads,iOS,Nigeria
U02914,2025-01-22,Facebook Ads,Android,Nigeria
U02915,2025-04-28,Google Ads,Android,Nigeria
U02916,2025-01-21,Referral,Android,Nigeria
U02917,2025-03-27,Referral,Android,Nigeria
U02918,2025-04-02,Google Ads,Android,Nigeria
U02919,2025-01-09,Referral,Android,Nigeria
U02920,2025-01-26,Organic,iOS,Nigeria
U02921,2025-01-09,Facebook Ads,Android,Nigeria
U02922,2025-01-15,Facebook Ads,Android,Nigeria
U02923,2025-01-10,Organic,Android,Nigeria
U02924,2025-03-29,Facebook Ads,Android,Nigeria
U02925,2025-02-11,Organic,Android,Nigeria
U02926,2025-03-13,Organic,Android,Nigeria
U02927,2025-01-24,Google Ads,Android,Nigeria
U02928,2025-03-21,Referral,Android,Nigeria
U02929,2025-02-18,Referral,Android,Nigeria
U02930,2025-01-26,Google Ads,Android,Nigeria
U02931,2025-04-01,Facebook Ads,Android,Nigeria
U02932,2025-02-06,Facebook Ads,Android,Nigeria
U02933,2025-03-09,Facebook Ads,iOS,Nigeria
U02934,2025-02-19,Google Ads,Android,Nigeria
U02935,2025-01-24,Facebook Ads,Android,Nigeria
U02936,2025-01-19,Facebook Ads,iOS,Nigeria
U02937,2025-04-10,Facebook Ads,Android,Nigeria
U02938,2025-03-01,Referral,iOS,Nigeria
U02939,2025-02-08,Organic,Android,Nigeria
U02940,2025-03-15,Organic,Android,Nigeria
U02941,2025-03-30,Google Ads,Android,Nigeria
U02942,2025-01-18,Referral,iOS,Nigeria
U02943,2025-01-19,Referral,Android,Nigeria
U02944,2025-02-05,Google Ads,iOS,Nigeria
U02945,2025-03-15,Google Ads,Android,Nigeria
U02946,2025-04-07,Facebook Ads,iOS,Nigeria
U02947,2025-02-24,Organic,Android,Nigeria
U02948,2025-04-24,Facebook Ads,Android,Nigeria
U02949,2025-03-10,Google Ads,iOS,Nigeria
U02950,2025-02-16,Google Ads,iOS,Nigeria
U02951,2025-02-18,Facebook Ads,Android,Nigeria
U02952,2025-04-09,Facebook Ads,Android,Nigeria
U02953,2025-04-18,Google Ads,Android,Nigeria
U02954,2025-04-08,Facebook Ads,Android,Nigeria
U02955,2025-02-02,Referral,Android,Nigeria
U02956,2025-04-29,Google Ads,Android,Nigeria
U02957,2025-01-21,Google Ads,Android,Nigeria
U02958,2025-03-22,Google Ads,iOS,Nigeria
U02959,2025-01-22,Google Ads,Android,Nigeria
U02960,2025-02-17,Google Ads,Android,Nigeria
U02961,2025-02-06,Google Ads,Android,Nigeria
U02962,2025-01-15,Referral,Android,Nigeria
U02963,2025-02-04,Referral,Android,Nigeria
U02964,2025-04-02,Referral,Android,Nigeria
U02965,2025-03-12,Facebook Ads,Android,Nigeria
U02966,2025-02-01,Google Ads,iOS,Nigeria
U02967,2025-01-11,Organic,Android,Nigeria
U02968,2025-01-10,Facebook Ads,iOS,Nigeria
U02969,2025-03-14,Facebook Ads,iOS,Nigeria
U02970,2025-03-19,Google Ads,iOS,Nigeria
U02971,2025-03-18,Facebook Ads,Android,Nigeria
U02972,2025-02-26,Facebook Ads,Android,Nigeria
U02973,2025-01-25,Organic,Android,Nigeria
U02974,2025-01-02,Google Ads,Android,Nigeria
U02975,2025-03-05,Facebook Ads,Android,Nigeria
U02976,2025-02-04,Organic,Android,Nigeria
U02977,2025-01-07,Organic,Android,Nigeria
U02978,2025-03-26,Google Ads,Android,Nigeria
U02979,2025-01-18,Facebook Ads,Android,Nigeria
U02980,2025-03-08,Referral,iOS,Nigeria
U02981,2025-02-11,Referral,Android,Nigeria
U02982,2025-04-28,Google Ads,Android,Nigeria
U02983,2025-02-08,Referral,Android,Nigeria
U02984,2025-02-10,Google Ads,iOS,Nigeria
U02985,2025-04-23,Facebook Ads,Android,Nigeria
U02986,2025-03-16,Google Ads,Android,Nigeria
U02987,2025-04-13,Facebook Ads,Android,Nigeria
U02988,2025-01-24,Referral,Android,Nigeria
U02989,2025-03-01,Google Ads,Android,Nigeria
U02990,2025-02-15,Facebook Ads,iOS,Nigeria
U02991,2025-01-19,Google Ads,iOS,Nigeria
U02992,2025-03-09,Facebook Ads,iOS,Nigeria
U02993,2025-03-31,Facebook Ads,iOS,Nigeria
U02994,2025-04-12,Google Ads,Android,Nigeria
U02995,2025-02-11,Facebook Ads,iOS,Nigeria
U02996,2025-02-01,Referral,Android,Nigeria
U02997,2025-02-08,Facebook Ads,Android,Nigeria
U02998,2025-04-19,Google Ads,Android,Nigeria
U02999,2025-04-20,Referral,Android,Nigeria
U03000,2025-02-05,Google Ads,Android,Nigeria
U03001,2025-04-14,Google Ads,Android,Nigeria
U03002,2025-04-11,Organic,Android,Nigeria
U03003,2025-04-07,Facebook Ads,iOS,Nigeria
U03004,2025-02-05,Facebook Ads,Android,Nigeria
U03005,2025-01-03,Google Ads,Android,Nigeria
U03006,2025-03-14,Facebook Ads,iOS,Nigeria
U03007,2025-01-08,Organic,Android,Nigeria
U03008,2025-04-07,Facebook Ads,iOS,Nigeria
U03009,2025-03-11,Referral,Android,Nigeria
U03010,2025-02-10,Referral,iOS,Nigeria
U03011,2025-04-13,Facebook Ads,Android,Nigeria
U03012,2025-03-09,Google Ads,Android,Nigeria
U03013,2025-01-13,Facebook Ads,Android,Nigeria
U03014,2025-02-18,Google Ads,Android,Nigeria
U03015,2025-03-01,Facebook Ads,iOS,Nigeria
U03016,2025-01-02,Organic,Android,Nigeria
U03017,2025-03-01,Organic,Android,Nigeria
U03018,2025-01-05,Facebook Ads,Android,Nigeria
U03019,2025-02-13,Facebook Ads,iOS,Nigeria
U03020,2025-01-27,Referral,Android,Nigeria
U03021,2025-02-01,Facebook Ads,iOS,Nigeria
U03022,2025-01-21,Referral,Android,Nigeria
U03023,2025-01-08,Google Ads,Android,Nigeria
U03024,2025-04-12,Facebook Ads,Android,Nigeria
U03025,2025-03-13,Referral,iOS,Nigeria
U03026,2025-02-19,Google Ads,iOS,Nigeria
U03027,2025-03-08,Organic,Android,Nigeria
U03028,2025-04-28,Organic,Android,Nigeria
U03029,2025-02-13,Facebook Ads,iOS,Nigeria
U03030,2025-02-27,Facebook Ads,Android,Nigeria
U03031,2025-01-03,Organic,Android,Nigeria
U03032,2025-03-27,Organic,Android,Nigeria
U03033,2025-03-11,Facebook Ads,Android,Nigeria
U03034,2025-01-02,Referral,Android,Nigeria
U03035,2025-03-28,Google Ads,Android,Nigeria
U03036,2025-02-13,Facebook Ads,Android,Nigeria
U03037,2025-01-02,Referral,iOS,Nigeria
U03038,2025-04-12,Facebook Ads,Android,Nigeria
U03039,2025-03-22,Organic,iOS,Nigeria
U03040,2025-02-04,Facebook Ads,Android,Nigeria
U03041,2025-04-08,Google Ads,Android,Nigeria
U03042,2025-03-28,Facebook Ads,Android,Nigeria
U03043,2025-01-30,Google Ads,iOS,Nigeria
U03044,2025-04-26,Google Ads,Android,Nigeria
U03045,2025-01-08,Facebook Ads,iOS,Nigeria
U03046,2025-01-22,Google Ads,Android,Nigeria
U03047,2025-02-13,Google Ads,Android,Nigeria
U03048,2025-02-27,Facebook Ads,iOS,Nigeria
U03049,2025-02-05,Referral,Android,Nigeria
U03050,2025-03-10,Facebook Ads,Android,Nigeria
U03051,2025-03-18,Google Ads,iOS,Nigeria
U03052,2025-04-03,Google Ads,Android,Nigeria
U03053,2025-01-31,Google Ads,Android,Nigeria
U03054,2025-02-16,Facebook Ads,iOS,Nigeria
U03055,2025-02-24,Google Ads,Android,Nigeria
U03056,2025-03-21,Google Ads,iOS,Nigeria
U03057,2025-04-16,Referral,Android,Nigeria
U03058,2025-03-03,Referral,iOS,Nigeria
U03059,2025-01-30,Google Ads,Android,Nigeria
U03060,2025-02-24,Facebook Ads,iOS,Nigeria
U03061,2025-01-16,Facebook Ads,Android,Nigeria
U03062,2025-01-12,Facebook Ads,Android,Nigeria
U03063,2025-01-17,Facebook Ads,Android,Nigeria
U03064,2025-01-16,Facebook Ads,Android,Nigeria
U03065,2025-01-12,Facebook Ads,iOS,Nigeria
U03066,2025-01-08,Facebook Ads,iOS,Nigeria
U03067,2025-03-25,Facebook Ads,Android,Nigeria
U03068,2025-01-03,Facebook Ads,iOS,Nigeria
U03069,2025-01-16,Facebook Ads,Android,Nigeria
U03070,2025-01-30,Facebook Ads,Android,Nigeria
U03071,2025-04-19,Google Ads,Android,Nigeria
U03072,2025-01-23,Google Ads,Android,Nigeria
U03073,2025-04-02,Facebook Ads,Android,Nigeria
U03074,2025-04-25,Google Ads,iOS,Nigeria
U03075,2025-04-14,Facebook Ads,Android,Nigeria
U03076,2025-04-28,Facebook Ads,Android,Nigeria
U03077,2025-01-05,Facebook Ads,Android,Nigeria
U03078,2025-03-25,Google Ads,iOS,Nigeria
U03079,2025-04-14,Google Ads,Android,Nigeria
U03080,2025-04-30,Facebook Ads,Android,Nigeria
U03081,2025-04-18,Facebook Ads,Android,Nigeria
U03082,2025-03-06,Referral,iOS,Nigeria
U03083,2025-01-30,Facebook Ads,Android,Nigeria
U03084,2025-01-21,Facebook Ads,iOS,Nigeria
U03085,2025-03-25,Referral,Android,Nigeria
U03086,2025-03-11,Referral,iOS,Nigeria
U03087,2025-01-22,Google Ads,Android,Nigeria
U03088,2025-03-23,Google Ads,Android,Nigeria
U03089,2025-03-13,Facebook Ads,Android,Nigeria
U03090,2025-04-13,Facebook Ads,Android,Nigeria
U03091,2025-02-01,Google Ads,Android,Nigeria
U03092,2025-02-02,Facebook Ads,iOS,Nigeria
U03093,2025-04-27,Google Ads,iOS,Nigeria
U03094,2025-01-16,Organic,iOS,Nigeria
U03095,2025-03-17,Organic,Android,Nigeria
U03096,2025-02-07,Facebook Ads,Android,Nigeria
U03097,2025-04-26,Google Ads,Android,Nigeria
U03098,2025-04-08,Google Ads,Android,Nigeria
U03099,2025-01-14,Referral,iOS,Nigeria
U03100,2025-02-05,Facebook Ads,Android,Nigeria
U03101,2025-04-07,Facebook Ads,iOS,Nigeria
U03102,2025-01-23,Facebook Ads,Android,Nigeria
U03103,2025-04-24,Facebook Ads,iOS,Nigeria
U03104,2025-04-19,Facebook Ads,Android,Nigeria
U03105,2025-03-07,Referral,iOS,Nigeria
U03106,2025-04-15,Google Ads,Android,Nigeria
U03107,2025-03-26,Facebook Ads,Android,Nigeria
U03108,2025-01-02,Google Ads,iOS,Nigeria
U03109,2025-04-01,Facebook Ads,Android,Nigeria
U03110,2025-03-14,Referral,Android,Nigeria
U03111,2025-03-06,Organic,Android,Nigeria
U03112,2025-03-16,Organic,Android,Nigeria
U03113,2025-03-08,Referral,Android,Nigeria
U03114,2025-02-21,Facebook Ads,Android,Nigeria
U03115,2025-03-03,Facebook Ads,Android,Nigeria
U03116,2025-01-23,Google Ads,Android,Nigeria
U03117,2025-01-26,Organic,Android,Nigeria
U03118,2025-03-09,Facebook Ads,Android,Nigeria
U03119,2025-03-23,Facebook Ads,iOS,Nigeria
U03120,2025-02-24,Referral,iOS,Nigeria
U03121,2025-01-06,Facebook Ads,Android,Nigeria
U03122,2025-02-04,Google Ads,Android,Nigeria
U03123,2025-01-22,Google Ads,Android,Nigeria
U03124,2025-02-12,Facebook Ads,iOS,Nigeria
U03125,2025-01-15,Facebook Ads,Android,Nigeria
U03126,2025-03-27,Referral,Android,Nigeria
U03127,2025-03-01,Google Ads,Android,Nigeria
U03128,2025-04-11,Organic,Android,Nigeria
U03129,2025-04-26,Facebook Ads,Android,Nigeria
U03130,2025-04-16,Facebook Ads,Android,Nigeria
U03131,2025-01-12,Referral,Android,Nigeria
U03132,2025-04-21,Google Ads,Android,Nigeria
U03133,2025-02-18,Facebook Ads,Android,Nigeria
U03134,2025-02-11,Referral,iOS,Nigeria
U03135,2025-02-07,Facebook Ads,Android,Nigeria
U03136,2025-03-23,Facebook Ads,Android,Nigeria
U03137,2025-02-14,Facebook Ads,Android,Nigeria
U03138,2025-02-04,Facebook Ads,Android,Nigeria
U03139,2025-01-30,Google Ads,Android,Nigeria
U03140,2025-03-29,Google Ads,Android,Nigeria
U03141,2025-04-16,Referral,iOS,Nigeria
U03142,2025-01-30,Organic,Android,Nigeria
U03143,2025-03-19,Facebook Ads,Android,Nigeria
U03144,2025-01-06,Facebook Ads,Android,Nigeria
U03145,2025-03-08,Facebook Ads,Android,Nigeria
U03146,2025-03-21,Facebook Ads,iOS,Nigeria
U03147,2025-01-07,Google Ads,Android,Nigeria
U03148,2025-02-21,Referral,Android,Nigeria
U03149,2025-01-14,Referral,iOS,Nigeria
U03150,2025-03-14,Facebook Ads,iOS,Nigeria
U03151,2025-01-15,Facebook Ads,Android,Nigeria
U03152,2025-01-21,Google Ads,Android,Nigeria
U03153,2025-02-04,Facebook Ads,Android,Nigeria
U03154,2025-03-07,Google Ads,Android,Nigeria
U03155,2025-04-01,Organic,iOS,Nigeria
U03156,2025-01-02,Facebook Ads,Android,Nigeria
U03157,2025-02-04,Referral,Android,Nigeria
U03158,2025-03-23,Google Ads,Android,Nigeria
U03159,2025-03-19,Facebook Ads,Android,Nigeria
U03160,2025-01-20,Google Ads,Android,Nigeria
U03161,2025-03-23,Facebook Ads,iOS,Nigeria
U03162,2025-01-10,Facebook Ads,Android,Nigeria
U03163,2025-01-25,Google Ads,Android,Nigeria
U03164,2025-03-07,Referral,iOS,Nigeria
U03165,2025-01-25,Facebook Ads,Android,Nigeria
U03166,2025-02-23,Facebook Ads,iOS,Nigeria
U03167,2025-02-02,Referral,Android,Nigeria
U03168,2025-02-05,Referral,Android,Nigeria
U03169,2025-04-05,Referral,Android,Nigeria
U03170,2025-01-14,Facebook Ads,iOS,Nigeria
U03171,2025-03-06,Organic,Android,Nigeria
U03172,2025-04-20,Facebook Ads,Android,Nigeria
U03173,2025-03-21,Google Ads,iOS,Nigeria
U03174,2025-02-23,Facebook Ads,Android,Nigeria
U03175,2025-04-20,Google Ads,Android,Nigeria
U03176,2025-02-21,Facebook Ads,Android,Nigeria
U03177,2025-01-03,Google Ads,Android,Nigeria
U03178,2025-04-09,Facebook Ads,Android,Nigeria
U03179,2025-02-10,Facebook Ads,Android,Nigeria
U03180,2025-01-06,Google Ads,iOS,Nigeria
U03181,2025-01-25,Referral,iOS,Nigeria
U03182,2025-01-13,Organic,Android,Nigeria
U03183,2025-04-27,Facebook Ads,iOS,Nigeria
U03184,2025-04-08,Referral,Android,Nigeria
U03185,2025-01-08,Google Ads,Android,Nigeria
U03186,2025-01-21,Facebook Ads,Android,Nigeria
U03187,2025-04-08,Facebook Ads,Android,Nigeria
U03188,2025-03-09,Google Ads,iOS,Nigeria
U03189,2025-01-25,Organic,Android,Nigeria
U03190,2025-03-20,Google Ads,Android,Nigeria
U03191,2025-03-09,Google Ads,Android,Nigeria
U03192,2025-02-14,Google Ads,Android,Nigeria
U03193,2025-03-01,Facebook Ads,Android,Nigeria
U03194,2025-01-12,Referral,Android,Nigeria
U03195,2025-02-01,Referral,Android,Nigeria
U03196,2025-04-06,Facebook Ads,iOS,Nigeria
U03197,2025-04-02,Referral,Android,Nigeria
U03198,2025-01-13,Facebook Ads,Android,Nigeria
U03199,2025-01-31,Organic,Android,Nigeria
U03200,2025-03-19,Facebook Ads,iOS,Nigeria
U03201,2025-01-20,Facebook Ads,Android,Nigeria
U03202,2025-01-18,Facebook Ads,iOS,Nigeria
U03203,2025-04-03,Google Ads,iOS,Nigeria
U03204,2025-03-01,Facebook Ads,iOS,Nigeria
U03205,2025-03-04,Google Ads,iOS,Nigeria
U03206,2025-01-06,Google Ads,iOS,Nigeria
U03207,2025-02-01,Referral,Android,Nigeria
U03208,2025-04-03,Facebook Ads,iOS,Nigeria
U03209,2025-02-12,Google Ads,Android,Nigeria
U03210,2025-01-02,Facebook Ads,iOS,Nigeria
U03211,2025-03-01,Referral,Android,Nigeria
U03212,2025-01-23,Facebook Ads,Android,Nigeria
U03213,2025-03-24,Organic,Android,Nigeria
U03214,2025-01-31,Referral,Android,Nigeria
U03215,2025-04-25,Google Ads,Android,Nigeria
U03216,2025-01-05,Google Ads,Android,Nigeria
U03217,2025-03-24,Facebook Ads,iOS,Nigeria
U03218,2025-02-03,Facebook Ads,Android,Nigeria
U03219,2025-01-10,Referral,Android,Nigeria
U03220,2025-03-30,Organic,iOS,Nigeria
U03221,2025-01-02,Facebook Ads,Android,Nigeria
U03222,2025-01-11,Google Ads,Android,Nigeria
U03223,2025-02-19,Referral,Android,Nigeria
U03224,2025-01-31,Google Ads,iOS,Nigeria
U03225,2025-02-25,Facebook Ads,Android,Nigeria
U03226,2025-03-20,Facebook Ads,Android,Nigeria
U03227,2025-03-14,Facebook Ads,Android,Nigeria
U03228,2025-03-28,Referral,Android,Nigeria
U03229,2025-03-24,Google Ads,Android,Nigeria
U03230,2025-01-09,Google Ads,iOS,Nigeria
U03231,2025-04-09,Organic,iOS,Nigeria
U03232,2025-01-21,Google Ads,Android,Nigeria
U03233,2025-03-14,Referral,Android,Nigeria
U03234,2025-01-28,Google Ads,iOS,Nigeria
U03235,2025-03-03,Facebook Ads,Android,Nigeria
U03236,2025-04-20,Organic,Android,Nigeria
U03237,2025-04-25,Google Ads,Android,Nigeria
U03238,2025-01-07,Facebook Ads,Android,Nigeria
U03239,2025-03-21,Facebook Ads,iOS,Nigeria
U03240,2025-01-16,Facebook Ads,Android,Nigeria
U03241,2025-04-07,Google Ads,Android,Nigeria
U03242,2025-01-04,Referral,Android,Nigeria
U03243,2025-01-04,Organic,iOS,Nigeria
U03244,2025-04-13,Organic,Android,Nigeria
U03245,2025-02-09,Facebook Ads,Android,Nigeria
U03246,2025-01-17,Facebook Ads,Android,Nigeria
U03247,2025-04-11,Facebook Ads,Android,Nigeria
U03248,2025-04-13,Referral,Android,Nigeria
U03249,2025-02-21,Facebook Ads,Android,Nigeria
U03250,2025-04-03,Google Ads,Android,Nigeria
U03251,2025-02-21,Referral,Android,Nigeria
U03252,2025-02-05,Google Ads,iOS,Nigeria
U03253,2025-02-07,Facebook Ads,Android,Nigeria
U03254,2025-04-13,Organic,Android,Nigeria
U03255,2025-02-19,Organic,Android,Nigeria
U03256,2025-03-04,Facebook Ads,Android,Nigeria
U03257,2025-04-11,Google Ads,Android,Nigeria
U03258,2025-04-26,Organic,iOS,Nigeria
U03259,2025-03-04,Facebook Ads,iOS,Nigeria
U03260,2025-03-03,Google Ads,Android,Nigeria
U03261,2025-04-09,Facebook Ads,Android,Nigeria
U03262,2025-01-07,Google Ads,Android,Nigeria
U03263,2025-01-27,Facebook Ads,Android,Nigeria
U03264,2025-04-02,Google Ads,Android,Nigeria
U03265,2025-03-27,Facebook Ads,Android,Nigeria
U03266,2025-01-14,Google Ads,iOS,Nigeria
U03267,2025-03-12,Organic,Android,Nigeria
U03268,2025-04-11,Referral,Android,Nigeria
U03269,2025-03-27,Referral,iOS,Nigeria
U03270,2025-01-05,Google Ads,Android,Nigeria
U03271,2025-02-24,Facebook Ads,Android,Nigeria
U03272,2025-01-02,Facebook Ads,Android,Nigeria
U03273,2025-03-03,Organic,Android,Nigeria
U03274,2025-04-01,Facebook Ads,iOS,Nigeria
U03275,2025-01-21,Facebook Ads,iOS,Nigeria
U03276,2025-04-28,Referral,iOS,Nigeria
U03277,2025-04-12,Facebook Ads,iOS,Nigeria
U03278,2025-03-20,Facebook Ads,Android,Nigeria
U03279,2025-01-21,Organic,iOS,Nigeria
U03280,2025-01-10,Referral,iOS,Nigeria
U03281,2025-03-28,Google Ads,Android,Nigeria
U03282,2025-02-27,Organic,Android,Nigeria
U03283,2025-04-30,Google Ads,Android,Nigeria
U03284,2025-02-08,Referral,Android,Nigeria
U03285,2025-01-05,Facebook Ads,Android,Nigeria
U03286,2025-03-06,Facebook Ads,iOS,Nigeria
U03287,2025-01-13,Google Ads,iOS,Nigeria
U03288,2025-03-26,Referral,Android,Nigeria
U03289,2025-03-31,Google Ads,Android,Nigeria
U03290,2025-04-24,Facebook Ads,iOS,Nigeria
U03291,2025-04-19,Facebook Ads,Android,Nigeria
U03292,2025-03-26,Referral,Android,Nigeria
U03293,2025-02-22,Facebook Ads,iOS,Nigeria
U03294,2025-03-23,Google Ads,iOS,Nigeria
U03295,2025-04-11,Facebook Ads,iOS,Nigeria
U03296,2025-02-14,Facebook Ads,Android,Nigeria
U03297,2025-02-01,Google Ads,Android,Nigeria
U03298,2025-02-05,Google Ads,iOS,Nigeria
U03299,2025-03-22,Facebook Ads,Android,Nigeria
U03300,2025-04-09,Facebook Ads,iOS,Nigeria
U03301,2025-04-23,Referral,Android,Nigeria
U03302,2025-03-01,Facebook Ads,Android,Nigeria
U03303,2025-01-11,Google Ads,Android,Nigeria
U03304,2025-03-04,Organic,Android,Nigeria
U03305,2025-01-21,Facebook Ads,iOS,Nigeria
U03306,2025-02-21,Organic,Android,Nigeria
U03307,2025-02-24,Facebook Ads,iOS,Nigeria
U03308,2025-04-27,Google Ads,iOS,Nigeria
U03309,2025-01-26,Facebook Ads,Android,Nigeria
U03310,2025-03-09,Organic,iOS,Nigeria
U03311,2025-02-03,Facebook Ads,Android,Nigeria
U03312,2025-02-21,Facebook Ads,iOS,Nigeria
U03313,2025-04-22,Organic,Android,Nigeria
U03314,2025-03-23,Google Ads,Android,Nigeria
U03315,2025-04-14,Google Ads,Android,Nigeria
U03316,2025-04-09,Facebook Ads,Android,Nigeria
U03317,2025-04-15,Referral,iOS,Nigeria
U03318,2025-04-03,Facebook Ads,Android,Nigeria
U03319,2025-02-21,Facebook Ads,Android,Nigeria
U03320,2025-01-29,Google Ads,Android,Nigeria
U03321,2025-02-07,Facebook Ads,iOS,Nigeria
U03322,2025-02-11,Organic,Android,Nigeria
U03323,2025-01-21,Organic,Android,Nigeria
U03324,2025-02-11,Referral,Android,Nigeria
U03325,2025-01-13,Referral,Android,Nigeria
U03326,2025-04-23,Google Ads,iOS,Nigeria
U03327,2025-04-15,Facebook Ads,iOS,Nigeria
U03328,2025-03-05,Referral,iOS,Nigeria
U03329,2025-01-17,Facebook Ads,Android,Nigeria
U03330,2025-04-30,Facebook Ads,iOS,Nigeria
U03331,2025-01-09,Referral,Android,Nigeria
U03332,2025-02-10,Google Ads,iOS,Nigeria
U03333,2025-01-01,Referral,Android,Nigeria
U03334,2025-01-02,Facebook Ads,Android,Nigeria
U03335,2025-03-01,Google Ads,Android,Nigeria
U03336,2025-02-17,Facebook Ads,Android,Nigeria
U03337,2025-01-29,Google Ads,Android,Nigeria
U03338,2025-04-07,Referral,iOS,Nigeria
U03339,2025-01-10,Google Ads,Android,Nigeria
U03340,2025-04-24,Facebook Ads,iOS,Nigeria
U03341,2025-02-27,Facebook Ads,Android,Nigeria
U03342,2025-03-01,Facebook Ads,Android,Nigeria
U03343,2025-04-14,Google Ads,iOS,Nigeria
U03344,2025-01-21,Organic,Android,Nigeria
U03345,2025-01-28,Facebook Ads,Android,Nigeria
U03346,2025-03-16,Referral,iOS,Nigeria
U03347,2025-04-29,Referral,Android,Nigeria
U03348,2025-02-03,Google Ads,Android,Nigeria
U03349,2025-01-08,Google Ads,iOS,Nigeria
U03350,2025-02-28,Referral,Android,Nigeria
U03351,2025-03-27,Facebook Ads,iOS,Nigeria
U03352,2025-03-13,Facebook Ads,Android,Nigeria
U03353,2025-02-18,Facebook Ads,Android,Nigeria
U03354,2025-03-20,Organic,Android,Nigeria
U03355,2025-01-17,Organic,iOS,Nigeria
U03356,2025-03-01,Referral,Android,Nigeria
U03357,2025-03-28,Facebook Ads,iOS,Nigeria
U03358,2025-03-29,Google Ads,Android,Nigeria
U03359,2025-02-14,Facebook Ads,Android,Nigeria
U03360,2025-03-24,Facebook Ads,iOS,Nigeria
U03361,2025-03-10,Google Ads,Android,Nigeria
U03362,2025-02-01,Organic,Android,Nigeria
U03363,2025-02-13,Organic,Android,Nigeria
U03364,2025-03-06,Google Ads,Android,Nigeria
U03365,2025-03-28,Facebook Ads,Android,Nigeria
U03366,2025-04-11,Facebook Ads,Android,Nigeria
U03367,2025-01-08,Facebook Ads,Android,Nigeria
U03368,2025-03-18,Referral,Android,Nigeria
U03369,2025-03-13,Referral,Android,Nigeria
U03370,2025-03-28,Facebook Ads,Android,Nigeria
U03371,2025-02-12,Google Ads,iOS,Nigeria
U03372,2025-01-01,Facebook Ads,iOS,Nigeria
U03373,2025-04-19,Facebook Ads,Android,Nigeria
U03374,2025-02-20,Google Ads,Android,Nigeria
U03375,2025-01-24,Facebook Ads,iOS,Nigeria
U03376,2025-04-09,Google Ads,Android,Nigeria
U03377,2025-01-24,Referral,Android,Nigeria
U03378,2025-01-17,Google Ads,Android,Nigeria
U03379,2025-01-05,Facebook Ads,iOS,Nigeria
U03380,2025-01-20,Facebook Ads,Android,Nigeria
U03381,2025-01-21,Google Ads,iOS,Nigeria
U03382,2025-04-14,Facebook Ads,iOS,Nigeria
U03383,2025-02-27,Facebook Ads,Android,Nigeria
U03384,2025-01-31,Google Ads,iOS,Nigeria
U03385,2025-04-20,Google Ads,Android,Nigeria
U03386,2025-04-10,Referral,Android,Nigeria
U03387,2025-01-11,Facebook Ads,Android,Nigeria
U03388,2025-02-21,Referral,Android,Nigeria
U03389,2025-01-15,Facebook Ads,Android,Nigeria
U03390,2025-03-24,Facebook Ads,Android,Nigeria
U03391,2025-01-07,Google Ads,Android,Nigeria
U03392,2025-04-25,Google Ads,Android,Nigeria
U03393,2025-01-28,Organic,Android,Nigeria
U03394,2025-02-20,Referral,iOS,Nigeria
U03395,2025-04-17,Organic,Android,Nigeria
U03396,2025-02-27,Organic,Android,Nigeria
U03397,2025-01-05,Google Ads,Android,Nigeria
U03398,2025-01-05,Google Ads,Android,Nigeria
U03399,2025-04-04,Google Ads,Android,Nigeria
U03400,2025-04-28,Organic,Android,Nigeria
U03401,2025-04-06,Referral,Android,Nigeria
U03402,2025-01-08,Facebook Ads,Android,Nigeria
U03403,2025-03-05,Referral,iOS,Nigeria
U03404,2025-01-10,Facebook Ads,iOS,Nigeria
U03405,2025-02-07,Google Ads,Android,Nigeria
U03406,2025-04-21,Facebook Ads,iOS,Nigeria
U03407,2025-04-06,Google Ads,Android,Nigeria
U03408,2025-04-22,Referral,Android,Nigeria
U03409,2025-04-02,Facebook Ads,iOS,Nigeria
U03410,2025-03-22,Facebook Ads,Android,Nigeria
U03411,2025-04-05,Facebook Ads,Android,Nigeria
U03412,2025-01-08,Google Ads,Android,Nigeria
U03413,2025-04-14,Facebook Ads,Android,Nigeria
U03414,2025-01-25,Facebook Ads,Android,Nigeria
U03415,2025-03-14,Facebook Ads,Android,Nigeria
U03416,2025-03-07,Google Ads,Android,Nigeria
U03417,2025-03-20,Facebook Ads,Android,Nigeria
U03418,2025-02-19,Referral,iOS,Nigeria
U03419,2025-03-08,Facebook Ads,Android,Nigeria
U03420,2025-02-18,Google Ads,iOS,Nigeria
U03421,2025-02-05,Facebook Ads,Android,Nigeria
U03422,2025-03-09,Google Ads,iOS,Nigeria
U03423,2025-03-19,Facebook Ads,iOS,Nigeria
U03424,2025-04-15,Referral,Android,Nigeria
U03425,2025-02-10,Organic,Android,Nigeria
U03426,2025-03-30,Organic,Android,Nigeria
U03427,2025-04-29,Google Ads,iOS,Nigeria
U03428,2025-03-03,Google Ads,Android,Nigeria
U03429,2025-04-24,Referral,Android,Nigeria
U03430,2025-01-10,Google Ads,Android,Nigeria
U03431,2025-01-21,Facebook Ads,iOS,Nigeria
U03432,2025-02-05,Referral,Android,Nigeria
U03433,2025-01-12,Google Ads,Android,Nigeria
U03434,2025-04-01,Facebook Ads,Android,Nigeria
U03435,2025-04-14,Facebook Ads,iOS,Nigeria
U03436,2025-01-02,Facebook Ads,Android,Nigeria
U03437,2025-04-28,Google Ads,Android,Nigeria
U03438,2025-01-13,Facebook Ads,Android,Nigeria
U03439,2025-02-22,Facebook Ads,Android,Nigeria
U03440,2025-02-01,Facebook Ads,iOS,Nigeria
U03441,2025-04-05,Google Ads,Android,Nigeria
U03442,2025-01-16,Referral,Android,Nigeria
U03443,2025-02-01,Facebook Ads,iOS,Nigeria
U03444,2025-02-01,Facebook Ads,iOS,Nigeria
U03445,2025-04-08,Facebook Ads,Android,Nigeria
U03446,2025-01-11,Organic,Android,Nigeria
U03447,2025-01-10,Google Ads,iOS,Nigeria
U03448,2025-01-15,Google Ads,Android,Nigeria
U03449,2025-01-17,Facebook Ads,iOS,Nigeria
U03450,2025-02-09,Referral,iOS,Nigeria
U03451,2025-01-18,Google Ads,Android,Nigeria
U03452,2025-02-24,Facebook Ads,iOS,Nigeria
U03453,2025-03-14,Facebook Ads,Android,Nigeria
U03454,2025-01-25,Facebook Ads,Android,Nigeria
U03455,2025-04-14,Referral,Android,Nigeria
U03456,2025-02-28,Referral,iOS,Nigeria
U03457,2025-03-19,Google Ads,Android,Nigeria
U03458,2025-03-30,Referral,Android,Nigeria
U03459,2025-04-24,Facebook Ads,iOS,Nigeria
U03460,2025-01-22,Google Ads,Android,Nigeria
U03461,2025-04-26,Google Ads,Android,Nigeria
U03462,2025-01-30,Facebook Ads,iOS,Nigeria
U03463,2025-03-25,Referral,iOS,Nigeria
U03464,2025-03-26,Facebook Ads,iOS,Nigeria
U03465,2025-02-13,Facebook Ads,iOS,Nigeria
U03466,2025-02-01,Google Ads,Android,Nigeria
U03467,2025-02-20,Google Ads,Android,Nigeria
U03468,2025-02-15,Google Ads,Android,Nigeria
U03469,2025-04-23,Facebook Ads,Android,Nigeria
U03470,2025-04-30,Referral,Android,Nigeria
U03471,2025-01-21,Google Ads,iOS,Nigeria
U03472,2025-04-09,Google Ads,Android,Nigeria
U03473,2025-02-01,Organic,Android,Nigeria
U03474,2025-04-04,Referral,Android,Nigeria
U03475,2025-04-29,Facebook Ads,Android,Nigeria
U03476,2025-02-08,Referral,Android,Nigeria
U03477,2025-04-23,Facebook Ads,Android,Nigeria
U03478,2025-01-12,Facebook Ads,Android,Nigeria
U03479,2025-04-15,Google Ads,Android,Nigeria
U03480,2025-02-16,Organic,iOS,Nigeria
U03481,2025-01-18,Facebook Ads,iOS,Nigeria
U03482,2025-01-21,Google Ads,Android,Nigeria
U03483,2025-01-13,Facebook Ads,iOS,Nigeria
U03484,2025-01-21,Referral,Android,Nigeria
U03485,2025-01-08,Google Ads,Android,Nigeria
U03486,2025-02-15,Google Ads,Android,Nigeria
U03487,2025-04-14,Facebook Ads,Android,Nigeria
U03488,2025-04-20,Referral,iOS,Nigeria
U03489,2025-01-07,Organic,Android,Nigeria
U03490,2025-01-23,Google Ads,iOS,Nigeria
U03491,2025-04-18,Google Ads,Android,Nigeria
U03492,2025-04-06,Organic,Android,Nigeria
U03493,2025-03-16,Facebook Ads,iOS,Nigeria
U03494,2025-03-27,Referral,Android,Nigeria
U03495,2025-01-22,Referral,Android,Nigeria
U03496,2025-04-17,Facebook Ads,Android,Nigeria
U03497,2025-03-30,Google Ads,Android,Nigeria
U03498,2025-01-22,Facebook Ads,Android,Nigeria
U03499,2025-04-02,Google Ads,Android,Nigeria
U03500,2025-01-29,Google Ads,Android,Nigeria
U03501,2025-01-13,Facebook Ads,Android,Nigeria
U03502,2025-03-23,Google Ads,Android,Nigeria
U03503,2025-01-02,Facebook Ads,Android,Nigeria
U03504,2025-01-29,Facebook Ads,Android,Nigeria
U03505,2025-03-26,Facebook Ads,Android,Nigeria
U03506,2025-03-20,Referral,Android,Nigeria
U03507,2025-02-21,Facebook Ads,Android,Nigeria
U03508,2025-01-27,Referral,Android,Nigeria
U03509,2025-02-19,Google Ads,Android,Nigeria
U03510,2025-04-05,Facebook Ads,Android,Nigeria
U03511,2025-03-20,Referral,Android,Nigeria
U03512,2025-04-25,Google Ads,Android,Nigeria
U03513,2025-01-23,Google Ads,Android,Nigeria
U03514,2025-03-29,Facebook Ads,Android,Nigeria
U03515,2025-02-13,Facebook Ads,Android,Nigeria
U03516,2025-03-18,Facebook Ads,Android,Nigeria
U03517,2025-01-22,Facebook Ads,Android,Nigeria
U03518,2025-02-12,Facebook Ads,Android,Nigeria
U03519,2025-02-06,Facebook Ads,iOS,Nigeria
U03520,2025-03-02,Facebook Ads,Android,Nigeria
U03521,2025-04-07,Facebook Ads,iOS,Nigeria
U03522,2025-02-25,Facebook Ads,iOS,Nigeria
U03523,2025-01-03,Facebook Ads,Android,Nigeria
U03524,2025-03-04,Organic,Android,Nigeria
U03525,2025-04-28,Facebook Ads,Android,Nigeria
U03526,2025-01-19,Google Ads,Android,Nigeria
U03527,2025-01-23,Facebook Ads,Android,Nigeria
U03528,2025-01-29,Organic,iOS,Nigeria
U03529,2025-01-30,Facebook Ads,iOS,Nigeria
U03530,2025-02-08,Organic,Android,Nigeria
U03531,2025-04-18,Google Ads,Android,Nigeria
U03532,2025-04-21,Facebook Ads,Android,Nigeria
U03533,2025-01-25,Referral,iOS,Nigeria
U03534,2025-04-11,Google Ads,iOS,Nigeria
U03535,2025-04-21,Facebook Ads,iOS,Nigeria
U03536,2025-01-08,Referral,Android,Nigeria
U03537,2025-04-16,Organic,Android,Nigeria
U03538,2025-02-27,Google Ads,Android,Nigeria
U03539,2025-01-16,Facebook Ads,Android,Nigeria
U03540,2025-03-13,Referral,iOS,Nigeria
U03541,2025-01-01,Google Ads,iOS,Nigeria
U03542,2025-04-18,Referral,Android,Nigeria
U03543,2025-01-05,Google Ads,Android,Nigeria
U03544,2025-01-03,Facebook Ads,Android,Nigeria
U03545,2025-03-06,Organic,iOS,Nigeria
U03546,2025-01-04,Facebook Ads,Android,Nigeria
U03547,2025-04-14,Facebook Ads,Android,Nigeria
U03548,2025-04-09,Google Ads,Android,Nigeria
U03549,2025-04-06,Google Ads,Android,Nigeria
U03550,2025-03-05,Facebook Ads,iOS,Nigeria
U03551,2025-04-16,Referral,Android,Nigeria
U03552,2025-04-08,Facebook Ads,Android,Nigeria
U03553,2025-04-17,Google Ads,Android,Nigeria
U03554,2025-03-30,Referral,Android,Nigeria
U03555,2025-01-10,Facebook Ads,Android,Nigeria
U03556,2025-01-21,Facebook Ads,Android,Nigeria
U03557,2025-02-15,Facebook Ads,Android,Nigeria
U03558,2025-04-13,Organic,iOS,Nigeria
U03559,2025-04-01,Facebook Ads,Android,Nigeria
U03560,2025-01-27,Facebook Ads,Android,Nigeria
U03561,2025-03-07,Google Ads,Android,Nigeria
U03562,2025-02-10,Google Ads,Android,Nigeria
U03563,2025-04-22,Facebook Ads,Android,Nigeria
U03564,2025-01-13,Google Ads,iOS,Nigeria
U03565,2025-01-09,Facebook Ads,Android,Nigeria
U03566,2025-04-26,Organic,Android,Nigeria
U03567,2025-02-05,Facebook Ads,Android,Nigeria
U03568,2025-03-27,Facebook Ads,Android,Nigeria
U03569,2025-04-16,Google Ads,Android,Nigeria
U03570,2025-03-31,Facebook Ads,Android,Nigeria
U03571,2025-02-27,Google Ads,Android,Nigeria
U03572,2025-02-23,Facebook Ads,Android,Nigeria
U03573,2025-01-12,Facebook Ads,Android,Nigeria
U03574,2025-03-22,Referral,Android,Nigeria
U03575,2025-03-19,Google Ads,Android,Nigeria
U03576,2025-01-14,Google Ads,Android,Nigeria
U03577,2025-02-03,Facebook Ads,Android,Nigeria
U03578,2025-02-22,Facebook Ads,iOS,Nigeria
U03579,2025-01-20,Facebook Ads,Android,Nigeria
U03580,2025-03-16,Facebook Ads,Android,Nigeria
U03581,2025-01-16,Google Ads,Android,Nigeria
U03582,2025-04-25,Referral,iOS,Nigeria
U03583,2025-04-05,Facebook Ads,iOS,Nigeria
U03584,2025-04-29,Facebook Ads,Android,Nigeria
U03585,2025-03-11,Facebook Ads,Android,Nigeria
U03586,2025-02-25,Facebook Ads,iOS,Nigeria
U03587,2025-03-24,Facebook Ads,Android,Nigeria
U03588,2025-04-11,Organic,Android,Nigeria
U03589,2025-02-27,Google Ads,iOS,Nigeria
U03590,2025-01-04,Organic,Android,Nigeria
U03591,2025-04-21,Referral,Android,Nigeria
U03592,2025-01-04,Google Ads,iOS,Nigeria
U03593,2025-01-20,Google Ads,Android,Nigeria
U03594,2025-01-10,Facebook Ads,Android,Nigeria
U03595,2025-01-24,Google Ads,Android,Nigeria
U03596,2025-04-28,Organic,Android,Nigeria
U03597,2025-04-09,Facebook Ads,Android,Nigeria
U03598,2025-01-26,Referral,Android,Nigeria
U03599,2025-02-06,Facebook Ads,Android,Nigeria
U03600,2025-04-12,Referral,iOS,Nigeria
U03601,2025-03-26,Organic,Android,Nigeria
U03602,2025-02-23,Google Ads,iOS,Nigeria
U03603,2025-04-14,Google Ads,iOS,Nigeria
U03604,2025-04-13,Google Ads,Android,Nigeria
U03605,2025-01-21,Referral,Android,Nigeria
U03606,2025-03-15,Organic,iOS,Nigeria
U03607,2025-02-07,Referral,Android,Nigeria
U03608,2025-02-15,Google Ads,Android,Nigeria
U03609,2025-01-04,Google Ads,Android,Nigeria
U03610,2025-03-01,Referral,iOS,Nigeria
U03611,2025-02-26,Google Ads,Android,Nigeria
U03612,2025-02-14,Referral,Android,Nigeria
U03613,2025-01-20,Google Ads,Android,Nigeria
U03614,2025-01-17,Facebook Ads,iOS,Nigeria
U03615,2025-04-29,Facebook Ads,Android,Nigeria
U03616,2025-03-12,Google Ads,Android,Nigeria
U03617,2025-01-04,Facebook Ads,Android,Nigeria
U03618,2025-04-03,Facebook Ads,Android,Nigeria
U03619,2025-01-14,Google Ads,Android,Nigeria
U03620,2025-01-03,Facebook Ads,Android,Nigeria
U03621,2025-03-29,Facebook Ads,Android,Nigeria
U03622,2025-04-11,Referral,iOS,Nigeria
U03623,2025-03-21,Organic,Android,Nigeria
U03624,2025-02-27,Referral,Android,Nigeria
U03625,2025-02-24,Organic,iOS,Nigeria
U03626,2025-04-26,Google Ads,Android,Nigeria
U03627,2025-01-04,Facebook Ads,Android,Nigeria
U03628,2025-04-30,Google Ads,iOS,Nigeria
U03629,2025-01-24,Referral,Android,Nigeria
U03630,2025-02-03,Facebook Ads,Android,Nigeria
U03631,2025-01-30,Facebook Ads,Android,Nigeria
U03632,2025-03-23,Referral,Android,Nigeria
U03633,2025-01-19,Facebook Ads,Android,Nigeria
U03634,2025-01-31,Google Ads,iOS,Nigeria
U03635,2025-03-01,Facebook Ads,Android,Nigeria
U03636,2025-03-01,Google Ads,Android,Nigeria
U03637,2025-01-19,Google Ads,Android,Nigeria
U03638,2025-02-18,Facebook Ads,iOS,Nigeria
U03639,2025-03-04,Facebook Ads,iOS,Nigeria
U03640,2025-04-20,Google Ads,Android,Nigeria
U03641,2025-03-24,Referral,iOS,Nigeria
U03642,2025-01-22,Referral,iOS,Nigeria
U03643,2025-01-24,Google Ads,Android,Nigeria
U03644,2025-04-19,Referral,Android,Nigeria
U03645,2025-03-17,Facebook Ads,Android,Nigeria
U03646,2025-01-30,Facebook Ads,iOS,Nigeria
U03647,2025-02-27,Facebook Ads,iOS,Nigeria
U03648,2025-04-12,Google Ads,Android,Nigeria
U03649,2025-04-27,Facebook Ads,Android,Nigeria
U03650,2025-01-31,Facebook Ads,Android,Nigeria
U03651,2025-04-10,Google Ads,iOS,Nigeria
U03652,2025-03-05,Referral,iOS,Nigeria
U03653,2025-01-19,Facebook Ads,Android,Nigeria
U03654,2025-02-17,Facebook Ads,Android,Nigeria
U03655,2025-02-14,Google Ads,Android,Nigeria
U03656,2025-04-10,Google Ads,iOS,Nigeria
U03657,2025-04-04,Google Ads,Android,Nigeria
U03658,2025-02-24,Facebook Ads,Android,Nigeria
U03659,2025-04-23,Google Ads,iOS,Nigeria
U03660,2025-02-24,Referral,Android,Nigeria
U03661,2025-04-07,Facebook Ads,iOS,Nigeria
U03662,2025-01-18,Organic,Android,Nigeria
U03663,2025-03-04,Facebook Ads,Android,Nigeria
U03664,2025-04-26,Facebook Ads,iOS,Nigeria
U03665,2025-04-23,Google Ads,Android,Nigeria
U03666,2025-04-02,Facebook Ads,Android,Nigeria
U03667,2025-02-16,Facebook Ads,Android,Nigeria
U03668,2025-03-16,Google Ads,Android,Nigeria
U03669,2025-02-26,Referral,Android,Nigeria
U03670,2025-04-28,Organic,iOS,Nigeria
U03671,2025-02-14,Google Ads,iOS,Nigeria
U03672,2025-02-02,Facebook Ads,iOS,Nigeria
U03673,2025-01-17,Google Ads,Android,Nigeria
U03674,2025-03-11,Google Ads,iOS,Nigeria
U03675,2025-01-04,Referral,iOS,Nigeria
U03676,2025-01-20,Referral,Android,Nigeria
U03677,2025-04-22,Referral,Android,Nigeria
U03678,2025-02-16,Google Ads,Android,Nigeria
U03679,2025-04-01,Google Ads,iOS,Nigeria
U03680,2025-01-15,Facebook Ads,Android,Nigeria
U03681,2025-03-11,Organic,iOS,Nigeria
U03682,2025-02-16,Facebook Ads,Android,Nigeria
U03683,2025-03-19,Facebook Ads,iOS,Nigeria
U03684,2025-03-16,Facebook Ads,Android,Nigeria
U03685,2025-04-13,Referral,Android,Nigeria
U03686,2025-01-09,Google Ads,Android,Nigeria
U03687,2025-03-31,Google Ads,Android,Nigeria
U03688,2025-01-16,Organic,iOS,Nigeria
U03689,2025-03-10,Organic,iOS,Nigeria
U03690,2025-04-26,Facebook Ads,Android,Nigeria
U03691,2025-03-02,Facebook Ads,Android,Nigeria
U03692,2025-01-10,Referral,Android,Nigeria
U03693,2025-02-19,Organic,Android,Nigeria
U03694,2025-01-03,Google Ads,Android,Nigeria
U03695,2025-03-18,Google Ads,iOS,Nigeria
U03696,2025-04-17,Facebook Ads,iOS,Nigeria
U03697,2025-04-23,Referral,Android,Nigeria
U03698,2025-04-04,Google Ads,Android,Nigeria
U03699,2025-04-28,Google Ads,Android,Nigeria
U03700,2025-04-19,Facebook Ads,Android,Nigeria
U03701,2025-03-11,Organic,Android,Nigeria
U03702,2025-03-22,Google Ads,Android,Nigeria
U03703,2025-04-19,Facebook Ads,Android,Nigeria
U03704,2025-02-20,Google Ads,Android,Nigeria
U03705,2025-04-27,Google Ads,Android,Nigeria
U03706,2025-01-19,Google Ads,Android,Nigeria
U03707,2025-02-11,Referral,Android,Nigeria
U03708,2025-02-04,Google Ads,iOS,Nigeria
U03709,2025-02-15,Organic,iOS,Nigeria
U03710,2025-01-26,Facebook Ads,iOS,Nigeria
U03711,2025-04-25,Facebook Ads,Android,Nigeria
U03712,2025-03-10,Facebook Ads,Android,Nigeria
U03713,2025-04-03,Google Ads,Android,Nigeria
U03714,2025-03-05,Google Ads,Android,Nigeria
U03715,2025-02-06,Referral,iOS,Nigeria
U03716,2025-03-25,Referral,Android,Nigeria
U03717,2025-02-18,Google Ads,Android,Nigeria
U03718,2025-01-21,Organic,Android,Nigeria
U03719,2025-03-15,Facebook Ads,Android,Nigeria
U03720,2025-03-05,Referral,iOS,Nigeria
U03721,2025-01-05,Google Ads,Android,Nigeria
U03722,2025-04-10,Google Ads,Android,Nigeria
U03723,2025-03-11,Referral,Android,Nigeria
U03724,2025-03-31,Google Ads,iOS,Nigeria
U03725,2025-01-04,Facebook Ads,Android,Nigeria
U03726,2025-04-13,Google Ads,Android,Nigeria
U03727,2025-02-08,Google Ads,Android,Nigeria
U03728,2025-04-24,Referral,iOS,Nigeria
U03729,2025-02-04,Google Ads,Android,Nigeria
U03730,2025-01-01,Organic,Android,Nigeria
U03731,2025-01-24,Google Ads,iOS,Nigeria
U03732,2025-02-26,Google Ads,iOS,Nigeria
U03733,2025-04-10,Referral,Android,Nigeria
U03734,2025-03-11,Google Ads,iOS,Nigeria
U03735,2025-02-10,Organic,Android,Nigeria
U03736,2025-02-23,Google Ads,iOS,Nigeria
U03737,2025-02-15,Google Ads,Android,Nigeria
U03738,2025-03-01,Facebook Ads,Android,Nigeria
U03739,2025-04-18,Google Ads,iOS,Nigeria
U03740,2025-03-01,Facebook Ads,iOS,Nigeria
U03741,2025-02-26,Referral,Android,Nigeria
U03742,2025-01-31,Facebook Ads,iOS,Nigeria
U03743,2025-03-25,Facebook Ads,Android,Nigeria
U03744,2025-01-24,Facebook Ads,iOS,Nigeria
U03745,2025-03-30,Facebook Ads,Android,Nigeria
U03746,2025-02-05,Facebook Ads,Android,Nigeria
U03747,2025-03-26,Referral,Android,Nigeria
U03748,2025-01-30,Referral,Android,Nigeria
U03749,2025-01-24,Referral,Android,Nigeria
U03750,2025-04-18,Referral,Android,Nigeria
U03751,2025-04-16,Facebook Ads,Android,Nigeria
U03752,2025-01-30,Referral,iOS,Nigeria
U03753,2025-03-27,Facebook Ads,Android,Nigeria
U03754,2025-04-02,Facebook Ads,Android,Nigeria
U03755,2025-01-07,Google Ads,Android,Nigeria
U03756,2025-02-04,Facebook Ads,Android,Nigeria
U03757,2025-02-24,Referral,Android,Nigeria
U03758,2025-04-02,Facebook Ads,Android,Nigeria
U03759,2025-01-14,Referral,Android,Nigeria
U03760,2025-04-30,Google Ads,Android,Nigeria
U03761,2025-01-10,Facebook Ads,Android,Nigeria
U03762,2025-03-21,Referral,Android,Nigeria
U03763,2025-01-16,Facebook Ads,iOS,Nigeria
U03764,2025-02-23,Google Ads,Android,Nigeria
U03765,2025-04-05,Facebook Ads,iOS,Nigeria
U03766,2025-04-16,Google Ads,Android,Nigeria
U03767,2025-03-30,Google Ads,iOS,Nigeria
U03768,2025-03-18,Facebook Ads,Android,Nigeria
U03769,2025-03-11,Organic,Android,Nigeria
U03770,2025-02-13,Referral,iOS,Nigeria
U03771,2025-03-14,Referral,Android,Nigeria
U03772,2025-02-14,Referral,Android,Nigeria
U03773,2025-04-10,Facebook Ads,Android,Nigeria
U03774,2025-02-25,Google Ads,iOS,Nigeria
U03775,2025-04-17,Facebook Ads,Android,Nigeria
U03776,2025-03-25,Facebook Ads,Android,Nigeria
U03777,2025-03-23,Organic,iOS,Nigeria
U03778,2025-04-17,Google Ads,Android,Nigeria
U03779,2025-02-26,Google Ads,iOS,Nigeria
U03780,2025-01-21,Facebook Ads,Android,Nigeria
U03781,2025-03-09,Google Ads,iOS,Nigeria
U03782,2025-02-19,Facebook Ads,Android,Nigeria
U03783,2025-02-02,Facebook Ads,Android,Nigeria
U03784,2025-04-01,Facebook Ads,Android,Nigeria
U03785,2025-01-07,Google Ads,Android,Nigeria
U03786,2025-03-11,Google Ads,Android,Nigeria
U03787,2025-01-15,Facebook Ads,Android,Nigeria
U03788,2025-03-23,Referral,Android,Nigeria
U03789,2025-02-01,Facebook Ads,Android,Nigeria
U03790,2025-04-30,Google Ads,Android,Nigeria
U03791,2025-03-16,Organic,Android,Nigeria
U03792,2025-01-20,Google Ads,Android,Nigeria
U03793,2025-03-29,Referral,Android,Nigeria
U03794,2025-01-15,Organic,Android,Nigeria
U03795,2025-02-17,Google Ads,Android,Nigeria
U03796,2025-03-12,Referral,iOS,Nigeria
U03797,2025-01-21,Referral,Android,Nigeria
U03798,2025-02-11,Facebook Ads,Android,Nigeria
U03799,2025-01-26,Facebook Ads,Android,Nigeria
U03800,2025-04-18,Organic,iOS,Nigeria
U03801,2025-04-30,Referral,Android,Nigeria
U03802,2025-01-14,Facebook Ads,iOS,Nigeria
U03803,2025-02-26,Google Ads,Android,Nigeria
U03804,2025-02-06,Referral,iOS,Nigeria
U03805,2025-02-27,Google Ads,Android,Nigeria
U03806,2025-01-21,Google Ads,Android,Nigeria
U03807,2025-03-23,Referral,Android,Nigeria
U03808,2025-03-10,Google Ads,iOS,Nigeria
U03809,2025-01-03,Google Ads,iOS,Nigeria
U03810,2025-03-28,Referral,Android,Nigeria
U03811,2025-03-31,Referral,Android,Nigeria
U03812,2025-02-06,Google Ads,Android,Nigeria
U03813,2025-03-29,Facebook Ads,Android,Nigeria
U03814,2025-02-18,Google Ads,Android,Nigeria
U03815,2025-01-19,Organic,Android,Nigeria
U03816,2025-04-25,Facebook Ads,iOS,Nigeria
U03817,2025-03-30,Facebook Ads,Android,Nigeria
U03818,2025-03-26,Google Ads,Android,Nigeria
U03819,2025-01-12,Referral,Android,Nigeria
U03820,2025-03-02,Facebook Ads,iOS,Nigeria
U03821,2025-02-10,Facebook Ads,iOS,Nigeria
U03822,2025-02-02,Facebook Ads,Android,Nigeria
U03823,2025-02-19,Referral,iOS,Nigeria
U03824,2025-04-27,Facebook Ads,iOS,Nigeria
U03825,2025-03-09,Facebook Ads,Android,Nigeria
U03826,2025-04-16,Google Ads,Android,Nigeria
U03827,2025-03-12,Referral,iOS,Nigeria
U03828,2025-03-27,Google Ads,Android,Nigeria
U03829,2025-04-29,Facebook Ads,Android,Nigeria
U03830,2025-02-02,Google Ads,Android,Nigeria
U03831,2025-03-22,Organic,Android,Nigeria
U03832,2025-01-24,Google Ads,iOS,Nigeria
U03833,2025-03-02,Organic,Android,Nigeria
U03834,2025-03-02,Referral,Android,Nigeria
U03835,2025-04-08,Facebook Ads,iOS,Nigeria
U03836,2025-01-28,Google Ads,Android,Nigeria
U03837,2025-02-27,Facebook Ads,Android,Nigeria
U03838,2025-02-12,Google Ads,iOS,Nigeria
U03839,2025-02-10,Facebook Ads,Android,Nigeria
U03840,2025-02-08,Facebook Ads,Android,Nigeria
U03841,2025-03-27,Organic,Android,Nigeria
U03842,2025-02-18,Facebook Ads,Android,Nigeria
U03843,2025-01-17,Referral,iOS,Nigeria
U03844,2025-04-08,Facebook Ads,Android,Nigeria
U03845,2025-03-11,Facebook Ads,Android,Nigeria
U03846,2025-04-20,Referral,Android,Nigeria
U03847,2025-03-11,Google Ads,Android,Nigeria
U03848,2025-04-08,Referral,iOS,Nigeria
U03849,2025-03-06,Facebook Ads,iOS,Nigeria
U03850,2025-03-15,Google Ads,iOS,Nigeria
U03851,2025-03-26,Referral,Android,Nigeria
U03852,2025-01-05,Google Ads,iOS,Nigeria
U03853,2025-01-02,Google Ads,Android,Nigeria
U03854,2025-01-22,Organic,iOS,Nigeria
U03855,2025-04-22,Google Ads,iOS,Nigeria
U03856,2025-02-26,Organic,Android,Nigeria
U03857,2025-03-07,Referral,Android,Nigeria
U03858,2025-03-15,Referral,Android,Nigeria
U03859,2025-04-08,Facebook Ads,Android,Nigeria
U03860,2025-01-16,Facebook Ads,iOS,Nigeria
U03861,2025-04-22,Referral,Android,Nigeria
U03862,2025-02-20,Facebook Ads,Android,Nigeria
U03863,2025-02-08,Facebook Ads,Android,Nigeria
U03864,2025-03-27,Facebook Ads,iOS,Nigeria
U03865,2025-03-17,Facebook Ads,Android,Nigeria
U03866,2025-03-29,Organic,Android,Nigeria
U03867,2025-04-21,Referral,Android,Nigeria
U03868,2025-02-09,Google Ads,Android,Nigeria
U03869,2025-02-07,Facebook Ads,Android,Nigeria
U03870,2025-03-01,Referral,iOS,Nigeria
U03871,2025-02-28,Google Ads,Android,Nigeria
U03872,2025-01-10,Organic,Android,Nigeria
U03873,2025-04-09,Google Ads,Android,Nigeria
U03874,2025-03-05,Facebook Ads,Android,Nigeria
U03875,2025-04-25,Google Ads,Android,Nigeria
U03876,2025-03-04,Organic,Android,Nigeria
U03877,2025-02-18,Google Ads,Android,Nigeria
U03878,2025-03-05,Google Ads,Android,Nigeria
U03879,2025-02-01,Facebook Ads,Android,Nigeria
U03880,2025-01-07,Referral,iOS,Nigeria
U03881,2025-01-21,Referral,Android,Nigeria
U03882,2025-01-20,Facebook Ads,iOS,Nigeria
U03883,2025-01-26,Google Ads,iOS,Nigeria
U03884,2025-03-09,Facebook Ads,Android,Nigeria
U03885,2025-04-20,Facebook Ads,iOS,Nigeria
U03886,2025-04-26,Facebook Ads,Android,Nigeria
U03887,2025-03-27,Facebook Ads,Android,Nigeria
U03888,2025-01-15,Google Ads,Android,Nigeria
U03889,2025-04-30,Facebook Ads,Android,Nigeria
U03890,2025-04-14,Facebook Ads,Android,Nigeria
U03891,2025-03-26,Referral,Android,Nigeria
U03892,2025-03-20,Google Ads,Android,Nigeria
U03893,2025-03-27,Google Ads,Android,Nigeria
U03894,2025-04-26,Google Ads,Android,Nigeria
U03895,2025-04-02,Google Ads,Android,Nigeria
U03896,2025-01-14,Facebook Ads,Android,Nigeria
U03897,2025-01-27,Referral,Android,Nigeria
U03898,2025-04-15,Facebook Ads,Android,Nigeria
U03899,2025-02-09,Google Ads,Android,Nigeria
U03900,2025-02-27,Facebook Ads,iOS,Nigeria
U03901,2025-01-28,Referral,iOS,Nigeria
U03902,2025-01-26,Google Ads,Android,Nigeria
U03903,2025-04-23,Google Ads,iOS,Nigeria
U03904,2025-03-04,Facebook Ads,Android,Nigeria
U03905,2025-03-07,Google Ads,Android,Nigeria
U03906,2025-01-25,Organic,iOS,Nigeria
U03907,2025-04-30,Referral,Android,Nigeria
U03908,2025-01-03,Facebook Ads,iOS,Nigeria
U03909,2025-03-13,Facebook Ads,Android,Nigeria
U03910,2025-02-13,Organic,Android,Nigeria
U03911,2025-04-07,Google Ads,Android,Nigeria
U03912,2025-02-11,Google Ads,Android,Nigeria
U03913,2025-04-26,Organic,Android,Nigeria
U03914,2025-04-09,Referral,Android,Nigeria
U03915,2025-01-06,Google Ads,iOS,Nigeria
U03916,2025-02-08,Google Ads,Android,Nigeria
U03917,2025-02-21,Facebook Ads,Android,Nigeria
U03918,2025-01-23,Referral,Android,Nigeria
U03919,2025-03-30,Facebook Ads,iOS,Nigeria
U03920,2025-02-19,Facebook Ads,Android,Nigeria
U03921,2025-02-12,Facebook Ads,Android,Nigeria
U03922,2025-01-19,Facebook Ads,iOS,Nigeria
U03923,2025-03-10,Google Ads,Android,Nigeria
U03924,2025-02-20,Google Ads,Android,Nigeria
U03925,2025-01-11,Google Ads,iOS,Nigeria
U03926,2025-04-30,Facebook Ads,iOS,Nigeria
U03927,2025-01-12,Organic,Android,Nigeria
U03928,2025-03-15,Facebook Ads,Android,Nigeria
U03929,2025-01-08,Referral,iOS,Nigeria
U03930,2025-01-24,Organic,Android,Nigeria
U03931,2025-04-02,Google Ads,iOS,Nigeria
U03932,2025-02-10,Google Ads,Android,Nigeria
U03933,2025-02-05,Organic,Android,Nigeria
U03934,2025-04-11,Facebook Ads,Android,Nigeria
U03935,2025-03-26,Google Ads,iOS,Nigeria
U03936,2025-03-13,Google Ads,iOS,Nigeria
U03937,2025-02-24,Facebook Ads,Android,Nigeria
U03938,2025-01-09,Referral,iOS,Nigeria
U03939,2025-02-16,Referral,Android,Nigeria
U03940,2025-01-15,Referral,Android,Nigeria
U03941,2025-02-17,Facebook Ads,iOS,Nigeria
U03942,2025-04-20,Facebook Ads,iOS,Nigeria
U03943,2025-04-14,Google Ads,iOS,Nigeria
U03944,2025-03-23,Facebook Ads,iOS,Nigeria
U03945,2025-02-11,Google Ads,Android,Nigeria
U03946,2025-03-01,Google Ads,Android,Nigeria
U03947,2025-03-25,Google Ads,iOS,Nigeria
U03948,2025-03-11,Google Ads,Android,Nigeria
U03949,2025-01-12,Google Ads,Android,Nigeria
U03950,2025-01-02,Facebook Ads,Android,Nigeria
U03951,2025-01-07,Facebook Ads,Android,Nigeria
U03952,2025-03-21,Google Ads,iOS,Nigeria
U03953,2025-01-03,Google Ads,Android,Nigeria
U03954,2025-04-19,Referral,iOS,Nigeria
U03955,2025-01-03,Referral,Android,Nigeria
U03956,2025-01-27,Organic,Android,Nigeria
U03957,2025-04-24,Facebook Ads,Android,Nigeria
U03958,2025-04-17,Facebook Ads,Android,Nigeria
U03959,2025-02-09,Facebook Ads,Android,Nigeria
U03960,2025-04-12,Referral,Android,Nigeria
U03961,2025-02-02,Google Ads,Android,Nigeria
U03962,2025-04-02,Referral,Android,Nigeria
U03963,2025-01-01,Google Ads,Android,Nigeria
U03964,2025-04-29,Organic,Android,Nigeria
U03965,2025-01-08,Organic,Android,Nigeria
U03966,2025-04-11,Facebook Ads,Android,Nigeria
U03967,2025-02-01,Google Ads,iOS,Nigeria
U03968,2025-02-17,Google Ads,Android,Nigeria
U03969,2025-04-17,Facebook Ads,iOS,Nigeria
U03970,2025-04-11,Google Ads,iOS,Nigeria
U03971,2025-01-04,Google Ads,Android,Nigeria
U03972,2025-04-04,Facebook Ads,iOS,Nigeria
U03973,2025-03-11,Google Ads,Android,Nigeria
U03974,2025-04-20,Google Ads,iOS,Nigeria
U03975,2025-04-28,Facebook Ads,iOS,Nigeria
U03976,2025-01-19,Google Ads,Android,Nigeria
U03977,2025-02-01,Facebook Ads,Android,Nigeria
U03978,2025-01-09,Referral,Android,Nigeria
U03979,2025-01-12,Facebook Ads,Android,Nigeria
U03980,2025-01-11,Referral,Android,Nigeria
U03981,2025-02-15,Google Ads,Android,Nigeria
U03982,2025-04-29,Facebook Ads,Android,Nigeria
U03983,2025-01-16,Google Ads,Android,Nigeria
U03984,2025-01-01,Google Ads,iOS,Nigeria
U03985,2025-03-04,Google Ads,iOS,Nigeria
U03986,2025-04-19,Google Ads,Android,Nigeria
U03987,2025-04-29,Google Ads,Android,Nigeria
U03988,2025-04-27,Facebook Ads,Android,Nigeria
U03989,2025-01-21,Facebook Ads,Android,Nigeria
U03990,2025-01-30,Referral,iOS,Nigeria
U03991,2025-01-13,Google Ads,Android,Nigeria
U03992,2025-02-03,Facebook Ads,Android,Nigeria
U03993,2025-01-04,Referral,iOS,Nigeria
U03994,2025-01-28,Facebook Ads,iOS,Nigeria
U03995,2025-04-12,Referral,Android,Nigeria
U03996,2025-04-05,Facebook Ads,Android,Nigeria
U03997,2025-02-28,Facebook Ads,Android,Nigeria
U03998,2025-04-29,Organic,Android,Nigeria
U03999,2025-01-27,Facebook Ads,iOS,Nigeria
U04000,2025-03-10,Referral,Android,Nigeria
U04001,2025-01-25,Facebook Ads,Android,Nigeria
U04002,2025-01-03,Google Ads,iOS,Nigeria
U04003,2025-04-07,Referral,iOS,Nigeria
U04004,2025-03-09,Facebook Ads,iOS,Nigeria
U04005,2025-01-25,Referral,Android,Nigeria
U04006,2025-01-20,Google Ads,Android,Nigeria
U04007,2025-02-03,Google Ads,Android,Nigeria
U04008,2025-01-26,Google Ads,Android,Nigeria
U04009,2025-01-05,Referral,Android,Nigeria
U04010,2025-04-09,Facebook Ads,Android,Nigeria
U04011,2025-03-02,Facebook Ads,Android,Nigeria
U04012,2025-04-02,Referral,iOS,Nigeria
U04013,2025-04-03,Referral,Android,Nigeria
U04014,2025-01-09,Facebook Ads,iOS,Nigeria
U04015,2025-04-26,Google Ads,Android,Nigeria
U04016,2025-04-12,Google Ads,iOS,Nigeria
U04017,2025-02-19,Google Ads,Android,Nigeria
U04018,2025-01-06,Facebook Ads,iOS,Nigeria
U04019,2025-03-24,Google Ads,Android,Nigeria
U04020,2025-03-01,Facebook Ads,Android,Nigeria
U04021,2025-02-13,Referral,iOS,Nigeria
U04022,2025-01-11,Referral,Android,Nigeria
U04023,2025-03-07,Google Ads,Android,Nigeria
U04024,2025-02-16,Facebook Ads,iOS,Nigeria
U04025,2025-04-18,Facebook Ads,iOS,Nigeria
U04026,2025-04-18,Google Ads,Android,Nigeria
U04027,2025-03-14,Referral,Android,Nigeria
U04028,2025-03-26,Facebook Ads,Android,Nigeria
U04029,2025-03-29,Google Ads,Android,Nigeria
U04030,2025-04-08,Facebook Ads,iOS,Nigeria
U04031,2025-03-27,Facebook Ads,Android,Nigeria
U04032,2025-01-03,Facebook Ads,Android,Nigeria
U04033,2025-03-17,Facebook Ads,iOS,Nigeria
U04034,2025-04-02,Facebook Ads,Android,Nigeria
U04035,2025-01-30,Google Ads,Android,Nigeria
U04036,2025-03-31,Referral,Android,Nigeria
U04037,2025-04-22,Referral,Android,Nigeria
U04038,2025-01-21,Facebook Ads,Android,Nigeria
U04039,2025-01-28,Facebook Ads,Android,Nigeria
U04040,2025-04-30,Facebook Ads,Android,Nigeria
U04041,2025-03-31,Facebook Ads,Android,Nigeria
U04042,2025-03-03,Google Ads,Android,Nigeria
U04043,2025-02-02,Google Ads,Android,Nigeria
U04044,2025-03-26,Facebook Ads,Android,Nigeria
U04045,2025-02-04,Facebook Ads,Android,Nigeria
U04046,2025-02-21,Facebook Ads,Android,Nigeria
U04047,2025-02-03,Facebook Ads,Android,Nigeria
U04048,2025-02-10,Referral,Android,Nigeria
U04049,2025-02-20,Facebook Ads,Android,Nigeria
U04050,2025-02-16,Google Ads,iOS,Nigeria
U04051,2025-03-23,Google Ads,Android,Nigeria
U04052,2025-02-27,Referral,iOS,Nigeria
U04053,2025-03-16,Referral,iOS,Nigeria
U04054,2025-02-26,Referral,Android,Nigeria
U04055,2025-01-23,Facebook Ads,Android,Nigeria
U04056,2025-02-17,Google Ads,iOS,Nigeria
U04057,2025-01-22,Referral,Android,Nigeria
U04058,2025-01-17,Facebook Ads,iOS,Nigeria
U04059,2025-03-10,Google Ads,Android,Nigeria
U04060,2025-04-18,Referral,Android,Nigeria
U04061,2025-01-11,Google Ads,Android,Nigeria
U04062,2025-04-04,Facebook Ads,Android,Nigeria
U04063,2025-01-15,Facebook Ads,Android,Nigeria
U04064,2025-04-01,Google Ads,Android,Nigeria
U04065,2025-02-04,Facebook Ads,iOS,Nigeria
U04066,2025-02-02,Google Ads,iOS,Nigeria
U04067,2025-03-25,Referral,Android,Nigeria
U04068,2025-01-16,Facebook Ads,iOS,Nigeria
U04069,2025-02-03,Referral,iOS,Nigeria
U04070,2025-03-07,Google Ads,iOS,Nigeria
U04071,2025-04-09,Facebook Ads,Android,Nigeria
U04072,2025-02-09,Referral,iOS,Nigeria
U04073,2025-04-30,Referral,Android,Nigeria
U04074,2025-01-28,Google Ads,Android,Nigeria
U04075,2025-02-16,Referral,iOS,Nigeria
U04076,2025-02-08,Referral,Android,Nigeria
U04077,2025-03-11,Referral,Android,Nigeria
U04078,2025-03-14,Google Ads,iOS,Nigeria
U04079,2025-01-20,Referral,Android,Nigeria
U04080,2025-01-01,Organic,iOS,Nigeria
U04081,2025-03-13,Referral,iOS,Nigeria
U04082,2025-04-29,Facebook Ads,Android,Nigeria
U04083,2025-03-28,Google Ads,Android,Nigeria
U04084,2025-03-04,Google Ads,iOS,Nigeria
U04085,2025-03-08,Facebook Ads,Android,Nigeria
U04086,2025-01-04,Organic,iOS,Nigeria
U04087,2025-02-27,Facebook Ads,iOS,Nigeria
U04088,2025-01-25,Facebook Ads,Android,Nigeria
U04089,2025-02-16,Organic,Android,Nigeria
U04090,2025-02-07,Google Ads,iOS,Nigeria
U04091,2025-01-15,Facebook Ads,Android,Nigeria
U04092,2025-03-04,Google Ads,Android,Nigeria
U04093,2025-01-21,Google Ads,iOS,Nigeria
U04094,2025-04-09,Facebook Ads,iOS,Nigeria
U04095,2025-02-26,Organic,Android,Nigeria
U04096,2025-04-27,Google Ads,Android,Nigeria
U04097,2025-02-22,Google Ads,Android,Nigeria
U04098,2025-02-15,Google Ads,iOS,Nigeria
U04099,2025-04-26,Google Ads,iOS,Nigeria
U04100,2025-01-14,Facebook Ads,iOS,Nigeria
U04101,2025-04-10,Facebook Ads,Android,Nigeria
U04102,2025-03-17,Google Ads,iOS,Nigeria
U04103,2025-01-17,Referral,iOS,Nigeria
U04104,2025-02-08,Facebook Ads,Android,Nigeria
U04105,2025-01-09,Google Ads,Android,Nigeria
U04106,2025-04-09,Referral,iOS,Nigeria
U04107,2025-03-18,Facebook Ads,Android,Nigeria
U04108,2025-03-20,Facebook Ads,Android,Nigeria
U04109,2025-03-23,Facebook Ads,Android,Nigeria
U04110,2025-04-25,Google Ads,Android,Nigeria
U04111,2025-04-07,Facebook Ads,Android,Nigeria
U04112,2025-01-06,Google Ads,Android,Nigeria
U04113,2025-04-01,Google Ads,iOS,Nigeria
U04114,2025-01-23,Google Ads,iOS,Nigeria
U04115,2025-02-28,Facebook Ads,iOS,Nigeria
U04116,2025-04-01,Google Ads,Android,Nigeria
U04117,2025-04-08,Referral,iOS,Nigeria
U04118,2025-04-30,Organic,iOS,Nigeria
U04119,2025-02-15,Referral,Android,Nigeria
U04120,2025-02-07,Google Ads,Android,Nigeria
U04121,2025-01-14,Google Ads,Android,Nigeria
U04122,2025-04-10,Facebook Ads,iOS,Nigeria
U04123,2025-04-27,Facebook Ads,Android,Nigeria
U04124,2025-03-13,Facebook Ads,iOS,Nigeria
U04125,2025-03-03,Google Ads,Android,Nigeria
U04126,2025-02-04,Facebook Ads,Android,Nigeria
U04127,2025-01-19,Facebook Ads,iOS,Nigeria
U04128,2025-01-30,Organic,Android,Nigeria
U04129,2025-03-19,Facebook Ads,Android,Nigeria
U04130,2025-03-25,Facebook Ads,iOS,Nigeria
U04131,2025-04-23,Facebook Ads,iOS,Nigeria
U04132,2025-01-25,Google Ads,Android,Nigeria
U04133,2025-02-09,Google Ads,Android,Nigeria
U04134,2025-03-29,Facebook Ads,Android,Nigeria
U04135,2025-01-14,Google Ads,iOS,Nigeria
U04136,2025-01-26,Referral,Android,Nigeria
U04137,2025-04-12,Referral,Android,Nigeria
U04138,2025-03-28,Organic,Android,Nigeria
U04139,2025-01-22,Referral,iOS,Nigeria
U04140,2025-02-17,Google Ads,iOS,Nigeria
U04141,2025-03-24,Facebook Ads,iOS,Nigeria
U04142,2025-04-20,Facebook Ads,Android,Nigeria
U04143,2025-02-20,Facebook Ads,iOS,Nigeria
U04144,2025-01-03,Google Ads,Android,Nigeria
U04145,2025-02-11,Referral,Android,Nigeria
U04146,2025-01-19,Google Ads,iOS,Nigeria
U04147,2025-03-14,Facebook Ads,Android,Nigeria
U04148,2025-01-28,Google Ads,Android,Nigeria
U04149,2025-03-25,Organic,iOS,Nigeria
U04150,2025-02-14,Google Ads,Android,Nigeria
U04151,2025-03-12,Referral,Android,Nigeria
U04152,2025-03-19,Referral,Android,Nigeria
U04153,2025-03-04,Organic,Android,Nigeria
U04154,2025-03-14,Referral,iOS,Nigeria
U04155,2025-04-29,Referral,Android,Nigeria
U04156,2025-01-19,Facebook Ads,iOS,Nigeria
U04157,2025-02-16,Facebook Ads,Android,Nigeria
U04158,2025-04-26,Google Ads,Android,Nigeria
U04159,2025-01-14,Facebook Ads,Android,Nigeria
U04160,2025-04-30,Organic,iOS,Nigeria
U04161,2025-02-07,Facebook Ads,Android,Nigeria
U04162,2025-02-22,Referral,iOS,Nigeria
U04163,2025-03-02,Facebook Ads,Android,Nigeria
U04164,2025-02-05,Facebook Ads,iOS,Nigeria
U04165,2025-02-09,Organic,iOS,Nigeria
U04166,2025-03-22,Facebook Ads,iOS,Nigeria
U04167,2025-01-30,Facebook Ads,iOS,Nigeria
U04168,2025-01-09,Facebook Ads,Android,Nigeria
U04169,2025-03-05,Google Ads,iOS,Nigeria
U04170,2025-02-02,Facebook Ads,Android,Nigeria
U04171,2025-04-30,Google Ads,Android,Nigeria
U04172,2025-02-21,Google Ads,Android,Nigeria
U04173,2025-03-30,Referral,Android,Nigeria
U04174,2025-01-14,Referral,Android,Nigeria
U04175,2025-03-16,Google Ads,Android,Nigeria
U04176,2025-02-22,Facebook Ads,Android,Nigeria
U04177,2025-04-09,Referral,Android,Nigeria
U04178,2025-04-15,Facebook Ads,Android,Nigeria
U04179,2025-02-28,Google Ads,iOS,Nigeria
U04180,2025-03-19,Google Ads,iOS,Nigeria
U04181,2025-04-04,Referral,iOS,Nigeria
U04182,2025-02-10,Google Ads,Android,Nigeria
U04183,2025-03-09,Facebook Ads,Android,Nigeria
U04184,2025-03-09,Google Ads,iOS,Nigeria
U04185,2025-04-02,Google Ads,iOS,Nigeria
U04186,2025-01-08,Facebook Ads,iOS,Nigeria
U04187,2025-01-02,Google Ads,Android,Nigeria
U04188,2025-04-15,Referral,Android,Nigeria
U04189,2025-04-20,Organic,iOS,Nigeria
U04190,2025-03-27,Google Ads,Android,Nigeria
U04191,2025-02-10,Facebook Ads,Android,Nigeria
U04192,2025-04-30,Facebook Ads,iOS,Nigeria
U04193,2025-02-24,Referral,iOS,Nigeria
U04194,2025-01-16,Referral,Android,Nigeria
U04195,2025-04-03,Facebook Ads,Android,Nigeria
U04196,2025-03-03,Facebook Ads,iOS,Nigeria
U04197,2025-04-23,Referral,Android,Nigeria
U04198,2025-02-17,Facebook Ads,iOS,Nigeria
U04199,2025-01-30,Facebook Ads,iOS,Nigeria
U04200,2025-01-12,Facebook Ads,iOS,Nigeria
U04201,2025-02-04,Facebook Ads,iOS,Nigeria
U04202,2025-01-11,Google Ads,Android,Nigeria
U04203,2025-03-05,Referral,Android,Nigeria
U04204,2025-04-20,Facebook Ads,Android,Nigeria
U04205,2025-02-19,Facebook Ads,Android,Nigeria
U04206,2025-03-26,Facebook Ads,Android,Nigeria
U04207,2025-01-21,Google Ads,Android,Nigeria
U04208,2025-03-10,Facebook Ads,iOS,Nigeria
U04209,2025-02-17,Google Ads,Android,Nigeria
U04210,2025-01-20,Referral,Android,Nigeria
U04211,2025-04-11,Facebook Ads,Android,Nigeria
U04212,2025-03-08,Facebook Ads,Android,Nigeria
U04213,2025-02-13,Facebook Ads,Android,Nigeria
U04214,2025-02-02,Google Ads,Android,Nigeria
U04215,2025-04-27,Referral,Android,Nigeria
U04216,2025-03-14,Facebook Ads,iOS,Nigeria
U04217,2025-03-02,Organic,iOS,Nigeria
U04218,2025-01-09,Facebook Ads,iOS,Nigeria
U04219,2025-03-09,Referral,Android,Nigeria
U04220,2025-02-04,Google Ads,Android,Nigeria
U04221,2025-03-22,Google Ads,Android,Nigeria
U04222,2025-04-08,Google Ads,Android,Nigeria
U04223,2025-03-29,Google Ads,Android,Nigeria
U04224,2025-04-06,Referral,Android,Nigeria
U04225,2025-03-06,Referral,iOS,Nigeria
U04226,2025-01-08,Google Ads,Android,Nigeria
U04227,2025-02-14,Facebook Ads,Android,Nigeria
U04228,2025-03-28,Facebook Ads,Android,Nigeria
U04229,2025-02-16,Referral,Android,Nigeria
U04230,2025-02-09,Google Ads,iOS,Nigeria
U04231,2025-03-17,Google Ads,Android,Nigeria
U04232,2025-02-23,Google Ads,Android,Nigeria
U04233,2025-03-17,Referral,Android,Nigeria
U04234,2025-02-15,Google Ads,Android,Nigeria
U04235,2025-02-16,Referral,Android,Nigeria
U04236,2025-01-15,Referral,iOS,Nigeria
U04237,2025-04-15,Facebook Ads,iOS,Nigeria
U04238,2025-01-19,Facebook Ads,iOS,Nigeria
U04239,2025-01-26,Referral,Android,Nigeria
U04240,2025-02-21,Facebook Ads,Android,Nigeria
U04241,2025-04-03,Organic,Android,Nigeria
U04242,2025-01-22,Facebook Ads,iOS,Nigeria
U04243,2025-04-14,Facebook Ads,iOS,Nigeria
U04244,2025-01-21,Organic,iOS,Nigeria
U04245,2025-02-20,Google Ads,Android,Nigeria
U04246,2025-02-07,Facebook Ads,Android,Nigeria
U04247,2025-01-20,Referral,Android,Nigeria
U04248,2025-01-29,Google Ads,Android,Nigeria
U04249,2025-02-20,Google Ads,Android,Nigeria
U04250,2025-01-04,Facebook Ads,Android,Nigeria
U04251,2025-02-24,Referral,iOS,Nigeria
U04252,2025-03-12,Referral,Android,Nigeria
U04253,2025-04-02,Facebook Ads,Android,Nigeria
U04254,2025-01-28,Referral,Android,Nigeria
U04255,2025-01-04,Referral,Android,Nigeria
U04256,2025-01-22,Google Ads,iOS,Nigeria
U04257,2025-03-17,Google Ads,Android,Nigeria
U04258,2025-02-14,Facebook Ads,Android,Nigeria
U04259,2025-03-08,Facebook Ads,iOS,Nigeria
U04260,2025-03-27,Referral,Android,Nigeria
U04261,2025-04-18,Referral,Android,Nigeria
U04262,2025-03-07,Google Ads,iOS,Nigeria
U04263,2025-03-29,Google Ads,iOS,Nigeria
U04264,2025-02-03,Facebook Ads,Android,Nigeria
U04265,2025-04-01,Facebook Ads,Android,Nigeria
U04266,2025-02-24,Google Ads,Android,Nigeria
U04267,2025-04-15,Facebook Ads,iOS,Nigeria
U04268,2025-01-01,Google Ads,Android,Nigeria
U04269,2025-03-13,Facebook Ads,iOS,Nigeria
U04270,2025-03-28,Referral,iOS,Nigeria
U04271,2025-02-07,Facebook Ads,iOS,Nigeria
U04272,2025-01-06,Google Ads,Android,Nigeria
U04273,2025-03-27,Google Ads,Android,Nigeria
U04274,2025-01-25,Facebook Ads,Android,Nigeria
U04275,2025-03-23,Facebook Ads,iOS,Nigeria
U04276,2025-01-17,Facebook Ads,Android,Nigeria
U04277,2025-03-02,Referral,Android,Nigeria
U04278,2025-01-12,Facebook Ads,Android,Nigeria
U04279,2025-01-06,Referral,Android,Nigeria
U04280,2025-03-31,Organic,Android,Nigeria
U04281,2025-01-27,Referral,Android,Nigeria
U04282,2025-01-08,Facebook Ads,Android,Nigeria
U04283,2025-03-24,Organic,Android,Nigeria
U04284,2025-04-16,Facebook Ads,Android,Nigeria
U04285,2025-03-06,Google Ads,iOS,Nigeria
U04286,2025-02-26,Referral,iOS,Nigeria
U04287,2025-04-03,Google Ads,Android,Nigeria
U04288,2025-04-19,Google Ads,Android,Nigeria
U04289,2025-04-23,Facebook Ads,iOS,Nigeria
U04290,2025-04-09,Facebook Ads,Android,Nigeria
U04291,2025-02-09,Google Ads,Android,Nigeria
U04292,2025-01-14,Facebook Ads,Android,Nigeria
U04293,2025-02-04,Organic,Android,Nigeria
U04294,2025-02-17,Organic,Android,Nigeria
U04295,2025-04-19,Referral,iOS,Nigeria
U04296,2025-03-25,Google Ads,iOS,Nigeria
U04297,2025-02-25,Google Ads,Android,Nigeria
U04298,2025-02-18,Organic,Android,Nigeria
U04299,2025-01-13,Referral,Android,Nigeria
U04300,2025-03-02,Google Ads,Android,Nigeria
U04301,2025-04-12,Facebook Ads,Android,Nigeria
U04302,2025-02-18,Facebook Ads,Android,Nigeria
U04303,2025-02-15,Google Ads,iOS,Nigeria
U04304,2025-04-23,Google Ads,Android,Nigeria
U04305,2025-03-03,Referral,iOS,Nigeria
U04306,2025-01-08,Facebook Ads,Android,Nigeria
U04307,2025-02-12,Facebook Ads,Android,Nigeria
U04308,2025-01-20,Facebook Ads,Android,Nigeria
U04309,2025-04-07,Facebook Ads,Android,Nigeria
U04310,2025-03-31,Facebook Ads,iOS,Nigeria
U04311,2025-02-08,Google Ads,Android,Nigeria
U04312,2025-03-26,Google Ads,Android,Nigeria
U04313,2025-04-27,Referral,Android,Nigeria
U04314,2025-02-18,Facebook Ads,Android,Nigeria
U04315,2025-03-05,Facebook Ads,Android,Nigeria
U04316,2025-03-03,Google Ads,Android,Nigeria
U04317,2025-04-16,Referral,iOS,Nigeria
U04318,2025-04-17,Facebook Ads,iOS,Nigeria
U04319,2025-02-23,Referral,Android,Nigeria
U04320,2025-04-15,Facebook Ads,Android,Nigeria
U04321,2025-01-09,Referral,Android,Nigeria
U04322,2025-03-29,Referral,Android,Nigeria
U04323,2025-02-06,Facebook Ads,iOS,Nigeria
U04324,2025-02-18,Google Ads,iOS,Nigeria
U04325,2025-02-10,Facebook Ads,Android,Nigeria
U04326,2025-01-17,Referral,Android,Nigeria
U04327,2025-03-29,Google Ads,iOS,Nigeria
U04328,2025-01-21,Google Ads,iOS,Nigeria
U04329,2025-02-20,Referral,Android,Nigeria
U04330,2025-02-28,Referral,Android,Nigeria
U04331,2025-02-08,Facebook Ads,Android,Nigeria
U04332,2025-02-24,Google Ads,iOS,Nigeria
U04333,2025-02-10,Facebook Ads,Android,Nigeria
U04334,2025-02-08,Facebook Ads,iOS,Nigeria
U04335,2025-01-13,Google Ads,Android,Nigeria
U04336,2025-03-05,Facebook Ads,Android,Nigeria
U04337,2025-01-11,Facebook Ads,Android,Nigeria
U04338,2025-04-20,Referral,iOS,Nigeria
U04339,2025-01-19,Facebook Ads,Android,Nigeria
U04340,2025-01-11,Google Ads,iOS,Nigeria
U04341,2025-03-18,Facebook Ads,Android,Nigeria
U04342,2025-02-15,Facebook Ads,iOS,Nigeria
U04343,2025-02-14,Facebook Ads,iOS,Nigeria
U04344,2025-01-01,Google Ads,Android,Nigeria
U04345,2025-02-09,Referral,iOS,Nigeria
U04346,2025-04-18,Facebook Ads,Android,Nigeria
U04347,2025-01-19,Facebook Ads,Android,Nigeria
U04348,2025-03-17,Organic,Android,Nigeria
U04349,2025-03-13,Facebook Ads,iOS,Nigeria
U04350,2025-03-13,Referral,iOS,Nigeria
U04351,2025-03-02,Facebook Ads,Android,Nigeria
U04352,2025-04-27,Referral,iOS,Nigeria
U04353,2025-04-19,Facebook Ads,Android,Nigeria
U04354,2025-01-12,Referral,iOS,Nigeria
U04355,2025-03-02,Referral,Android,Nigeria
U04356,2025-04-22,Google Ads,Android,Nigeria
U04357,2025-02-02,Facebook Ads,Android,Nigeria
U04358,2025-02-14,Referral,Android,Nigeria
U04359,2025-03-31,Google Ads,Android,Nigeria
U04360,2025-04-13,Facebook Ads,Android,Nigeria
U04361,2025-04-02,Facebook Ads,Android,Nigeria
U04362,2025-03-10,Referral,iOS,Nigeria
U04363,2025-01-08,Facebook Ads,Android,Nigeria
U04364,2025-01-25,Google Ads,iOS,Nigeria
U04365,2025-04-01,Google Ads,Android,Nigeria
U04366,2025-02-15,Referral,Android,Nigeria
U04367,2025-03-28,Organic,Android,Nigeria
U04368,2025-01-30,Organic,iOS,Nigeria
U04369,2025-04-19,Facebook Ads,iOS,Nigeria
U04370,2025-02-16,Referral,Android,Nigeria
U04371,2025-03-28,Facebook Ads,Android,Nigeria
U04372,2025-02-18,Google Ads,Android,Nigeria
U04373,2025-02-16,Google Ads,Android,Nigeria
U04374,2025-03-25,Facebook Ads,iOS,Nigeria
U04375,2025-03-23,Organic,Android,Nigeria
U04376,2025-01-18,Facebook Ads,Android,Nigeria
U04377,2025-03-07,Google Ads,iOS,Nigeria
U04378,2025-03-09,Referral,iOS,Nigeria
U04379,2025-04-04,Referral,Android,Nigeria
U04380,2025-02-02,Facebook Ads,Android,Nigeria
U04381,2025-02-05,Google Ads,Android,Nigeria
U04382,2025-03-23,Referral,Android,Nigeria
U04383,2025-04-11,Facebook Ads,Android,Nigeria
U04384,2025-01-19,Google Ads,iOS,Nigeria
U04385,2025-04-21,Facebook Ads,iOS,Nigeria
U04386,2025-01-28,Google Ads,Android,Nigeria
U04387,2025-02-09,Referral,Android,Nigeria
U04388,2025-03-25,Google Ads,Android,Nigeria
U04389,2025-04-23,Google Ads,Android,Nigeria
U04390,2025-04-07,Google Ads,Android,Nigeria
U04391,2025-03-17,Google Ads,Android,Nigeria
U04392,2025-04-25,Facebook Ads,Android,Nigeria
U04393,2025-01-15,Facebook Ads,Android,Nigeria
U04394,2025-02-10,Google Ads,Android,Nigeria
U04395,2025-02-08,Google Ads,Android,Nigeria
U04396,2025-01-02,Google Ads,Android,Nigeria
U04397,2025-03-04,Facebook Ads,Android,Nigeria
U04398,2025-01-29,Facebook Ads,Android,Nigeria
U04399,2025-04-15,Facebook Ads,Android,Nigeria
U04400,2025-03-15,Organic,Android,Nigeria
U04401,2025-03-07,Google Ads,iOS,Nigeria
U04402,2025-02-20,Facebook Ads,Android,Nigeria
U04403,2025-03-16,Facebook Ads,Android,Nigeria
U04404,2025-03-18,Organic,Android,Nigeria
U04405,2025-01-10,Facebook Ads,Android,Nigeria
U04406,2025-01-14,Referral,iOS,Nigeria
U04407,2025-03-23,Facebook Ads,iOS,Nigeria
U04408,2025-02-20,Organic,Android,Nigeria
U04409,2025-04-28,Referral,Android,Nigeria
U04410,2025-03-14,Google Ads,Android,Nigeria
U04411,2025-02-08,Facebook Ads,Android,Nigeria
U04412,2025-01-28,Facebook Ads,Android,Nigeria
U04413,2025-01-03,Google Ads,Android,Nigeria
U04414,2025-03-25,Google Ads,Android,Nigeria
U04415,2025-03-11,Facebook Ads,Android,Nigeria
U04416,2025-01-27,Facebook Ads,iOS,Nigeria
U04417,2025-04-27,Google Ads,Android,Nigeria
U04418,2025-01-02,Google Ads,Android,Nigeria
U04419,2025-04-03,Facebook Ads,Android,Nigeria
U04420,2025-02-07,Facebook Ads,Android,Nigeria
U04421,2025-01-03,Organic,iOS,Nigeria
U04422,2025-01-16,Google Ads,Android,Nigeria
U04423,2025-04-04,Referral,iOS,Nigeria
U04424,2025-02-09,Google Ads,Android,Nigeria
U04425,2025-01-02,Facebook Ads,iOS,Nigeria
U04426,2025-03-22,Facebook Ads,iOS,Nigeria
U04427,2025-02-10,Facebook Ads,Android,Nigeria
U04428,2025-01-12,Referral,Android,Nigeria
U04429,2025-02-04,Google Ads,iOS,Nigeria
U04430,2025-04-17,Facebook Ads,Android,Nigeria
U04431,2025-03-06,Organic,Android,Nigeria
U04432,2025-02-24,Facebook Ads,Android,Nigeria
U04433,2025-02-14,Organic,Android,Nigeria
U04434,2025-03-20,Organic,Android,Nigeria
U04435,2025-03-31,Facebook Ads,Android,Nigeria
U04436,2025-04-11,Facebook Ads,Android,Nigeria
U04437,2025-03-26,Google Ads,Android,Nigeria
U04438,2025-03-03,Google Ads,iOS,Nigeria
U04439,2025-02-18,Google Ads,Android,Nigeria
U04440,2025-04-05,Organic,iOS,Nigeria
U04441,2025-01-25,Referral,iOS,Nigeria
U04442,2025-01-23,Facebook Ads,iOS,Nigeria
U04443,2025-01-24,Facebook Ads,iOS,Nigeria
U04444,2025-02-07,Google Ads,iOS,Nigeria
U04445,2025-01-28,Facebook Ads,iOS,Nigeria
U04446,2025-01-21,Referral,Android,Nigeria
U04447,2025-02-23,Facebook Ads,Android,Nigeria
U04448,2025-04-17,Facebook Ads,iOS,Nigeria
U04449,2025-01-18,Facebook Ads,Android,Nigeria
U04450,2025-02-05,Referral,iOS,Nigeria
U04451,2025-04-09,Facebook Ads,iOS,Nigeria
U04452,2025-02-14,Referral,Android,Nigeria
U04453,2025-04-29,Google Ads,iOS,Nigeria
U04454,2025-03-14,Referral,Android,Nigeria
U04455,2025-02-22,Google Ads,Android,Nigeria
U04456,2025-04-12,Facebook Ads,Android,Nigeria
U04457,2025-01-30,Referral,Android,Nigeria
U04458,2025-03-01,Facebook Ads,Android,Nigeria
U04459,2025-04-18,Google Ads,Android,Nigeria
U04460,2025-04-08,Facebook Ads,Android,Nigeria
U04461,2025-02-01,Referral,iOS,Nigeria
U04462,2025-03-08,Organic,Android,Nigeria
U04463,2025-03-08,Google Ads,Android,Nigeria
U04464,2025-01-28,Google Ads,Android,Nigeria
U04465,2025-02-13,Referral,iOS,Nigeria
U04466,2025-03-20,Facebook Ads,iOS,Nigeria
U04467,2025-02-10,Organic,Android,Nigeria
U04468,2025-03-04,Facebook Ads,Android,Nigeria
U04469,2025-01-23,Organic,iOS,Nigeria
U04470,2025-04-14,Referral,Android,Nigeria
U04471,2025-03-16,Referral,Android,Nigeria
U04472,2025-02-17,Google Ads,Android,Nigeria
U04473,2025-02-01,Google Ads,Android,Nigeria
U04474,2025-02-26,Google Ads,iOS,Nigeria
U04475,2025-04-28,Facebook Ads,Android,Nigeria
U04476,2025-04-10,Google Ads,Android,Nigeria
U04477,2025-02-02,Google Ads,Android,Nigeria
U04478,2025-01-24,Referral,iOS,Nigeria
U04479,2025-02-08,Google Ads,iOS,Nigeria
U04480,2025-02-03,Facebook Ads,iOS,Nigeria
U04481,2025-02-25,Facebook Ads,Android,Nigeria
U04482,2025-01-28,Google Ads,Android,Nigeria
U04483,2025-02-06,Facebook Ads,iOS,Nigeria
U04484,2025-01-07,Facebook Ads,Android,Nigeria
U04485,2025-03-09,Referral,iOS,Nigeria
U04486,2025-02-06,Google Ads,Android,Nigeria
U04487,2025-02-25,Google Ads,Android,Nigeria
U04488,2025-03-06,Facebook Ads,Android,Nigeria
U04489,2025-03-06,Referral,iOS,Nigeria
U04490,2025-02-16,Facebook Ads,iOS,Nigeria
U04491,2025-01-20,Referral,Android,Nigeria
U04492,2025-01-19,Facebook Ads,Android,Nigeria
U04493,2025-01-29,Referral,iOS,Nigeria
U04494,2025-03-15,Google Ads,Android,Nigeria
U04495,2025-03-01,Google Ads,iOS,Nigeria
U04496,2025-01-18,Google Ads,Android,Nigeria
U04497,2025-04-02,Google Ads,Android,Nigeria
U04498,2025-02-04,Facebook Ads,Android,Nigeria
U04499,2025-02-12,Referral,Android,Nigeria
U04500,2025-04-21,Facebook Ads,Android,Nigeria
U04501,2025-04-05,Organic,Android,Nigeria
U04502,2025-04-01,Referral,Android,Nigeria
U04503,2025-01-11,Facebook Ads,Android,Nigeria
U04504,2025-02-18,Referral,Android,Nigeria
U04505,2025-04-23,Facebook Ads,iOS,Nigeria
U04506,2025-02-07,Facebook Ads,Android,Nigeria
U04507,2025-03-05,Organic,Android,Nigeria
U04508,2025-03-10,Google Ads,Android,Nigeria
U04509,2025-01-08,Google Ads,Android,Nigeria
U04510,2025-02-03,Facebook Ads,iOS,Nigeria
U04511,2025-02-17,Facebook Ads,Android,Nigeria
U04512,2025-04-26,Organic,iOS,Nigeria
U04513,2025-02-25,Facebook Ads,Android,Nigeria
U04514,2025-03-17,Facebook Ads,Android,Nigeria
U04515,2025-04-12,Google Ads,Android,Nigeria
U04516,2025-03-06,Google Ads,iOS,Nigeria
U04517,2025-01-31,Google Ads,iOS,Nigeria
U04518,2025-01-04,Facebook Ads,Android,Nigeria
U04519,2025-04-23,Facebook Ads,iOS,Nigeria
U04520,2025-04-19,Facebook Ads,Android,Nigeria
U04521,2025-02-19,Organic,iOS,Nigeria
U04522,2025-03-10,Facebook Ads,Android,Nigeria
U04523,2025-01-30,Referral,Android,Nigeria
U04524,2025-04-30,Referral,Android,Nigeria
U04525,2025-03-29,Referral,iOS,Nigeria
U04526,2025-02-28,Referral,iOS,Nigeria
U04527,2025-03-08,Facebook Ads,iOS,Nigeria
U04528,2025-03-16,Facebook Ads,iOS,Nigeria
U04529,2025-02-14,Google Ads,Android,Nigeria
U04530,2025-01-04,Facebook Ads,iOS,Nigeria
U04531,2025-01-26,Referral,iOS,Nigeria
U04532,2025-01-27,Google Ads,Android,Nigeria
U04533,2025-02-15,Referral,Android,Nigeria
U04534,2025-04-28,Facebook Ads,Android,Nigeria
U04535,2025-04-17,Organic,iOS,Nigeria
U04536,2025-03-05,Facebook Ads,iOS,Nigeria
U04537,2025-04-01,Google Ads,iOS,Nigeria
U04538,2025-04-16,Google Ads,iOS,Nigeria
U04539,2025-02-20,Referral,iOS,Nigeria
U04540,2025-02-19,Google Ads,iOS,Nigeria
U04541,2025-01-06,Organic,iOS,Nigeria
U04542,2025-02-28,Organic,Android,Nigeria
U04543,2025-01-15,Referral,Android,Nigeria
U04544,2025-04-27,Facebook Ads,Android,Nigeria
U04545,2025-01-30,Referral,iOS,Nigeria
U04546,2025-02-11,Referral,Android,Nigeria
U04547,2025-04-11,Facebook Ads,Android,Nigeria
U04548,2025-02-06,Facebook Ads,Android,Nigeria
U04549,2025-02-11,Facebook Ads,Android,Nigeria
U04550,2025-04-11,Facebook Ads,Android,Nigeria
U04551,2025-02-04,Google Ads,Android,Nigeria
U04552,2025-03-28,Organic,Android,Nigeria
U04553,2025-01-06,Google Ads,Android,Nigeria
U04554,2025-03-09,Google Ads,Android,Nigeria
U04555,2025-01-18,Organic,Android,Nigeria
U04556,2025-03-14,Facebook Ads,Android,Nigeria
U04557,2025-04-23,Referral,Android,Nigeria
U04558,2025-01-29,Google Ads,Android,Nigeria
U04559,2025-03-18,Google Ads,Android,Nigeria
U04560,2025-02-28,Facebook Ads,iOS,Nigeria
U04561,2025-02-16,Google Ads,Android,Nigeria
U04562,2025-04-26,Facebook Ads,Android,Nigeria
U04563,2025-01-17,Referral,Android,Nigeria
U04564,2025-04-19,Facebook Ads,Android,Nigeria
U04565,2025-04-06,Referral,Android,Nigeria
U04566,2025-04-22,Facebook Ads,Android,Nigeria
U04567,2025-01-22,Facebook Ads,Android,Nigeria
U04568,2025-03-09,Google Ads,Android,Nigeria
U04569,2025-03-10,Facebook Ads,Android,Nigeria
U04570,2025-02-06,Referral,iOS,Nigeria
U04571,2025-04-15,Organic,Android,Nigeria
U04572,2025-02-18,Referral,iOS,Nigeria
U04573,2025-01-13,Facebook Ads,Android,Nigeria
U04574,2025-02-03,Google Ads,Android,Nigeria
U04575,2025-04-19,Google Ads,Android,Nigeria
U04576,2025-03-27,Referral,iOS,Nigeria
U04577,2025-02-22,Facebook Ads,Android,Nigeria
U04578,2025-03-28,Google Ads,Android,Nigeria
U04579,2025-02-20,Google Ads,Android,Nigeria
U04580,2025-01-03,Facebook Ads,Android,Nigeria
U04581,2025-02-11,Facebook Ads,iOS,Nigeria
U04582,2025-04-08,Google Ads,Android,Nigeria
U04583,2025-02-01,Referral,Android,Nigeria
U04584,2025-04-19,Organic,Android,Nigeria
U04585,2025-02-20,Google Ads,Android,Nigeria
U04586,2025-04-23,Facebook Ads,Android,Nigeria
U04587,2025-03-26,Facebook Ads,Android,Nigeria
U04588,2025-02-15,Organic,Android,Nigeria
U04589,2025-04-18,Organic,iOS,Nigeria
U04590,2025-01-21,Organic,Android,Nigeria
U04591,2025-02-13,Referral,iOS,Nigeria
U04592,2025-01-11,Facebook Ads,Android,Nigeria
U04593,2025-04-13,Referral,Android,Nigeria
U04594,2025-03-09,Google Ads,Android,Nigeria
U04595,2025-04-25,Facebook Ads,iOS,Nigeria
U04596,2025-01-01,Referral,Android,Nigeria
U04597,2025-04-02,Facebook Ads,Android,Nigeria
U04598,2025-03-04,Facebook Ads,Android,Nigeria
U04599,2025-01-24,Google Ads,iOS,Nigeria
U04600,2025-04-09,Google Ads,Android,Nigeria
U04601,2025-01-13,Referral,Android,Nigeria
U04602,2025-04-21,Facebook Ads,Android,Nigeria
U04603,2025-04-08,Facebook Ads,iOS,Nigeria
U04604,2025-01-11,Facebook Ads,iOS,Nigeria
U04605,2025-04-10,Facebook Ads,Android,Nigeria
U04606,2025-02-20,Facebook Ads,Android,Nigeria
U04607,2025-01-17,Google Ads,iOS,Nigeria
U04608,2025-04-09,Google Ads,iOS,Nigeria
U04609,2025-03-23,Referral,Android,Nigeria
U04610,2025-04-14,Organic,iOS,Nigeria
U04611,2025-03-27,Google Ads,Android,Nigeria
U04612,2025-01-24,Facebook Ads,Android,Nigeria
U04613,2025-01-19,Facebook Ads,iOS,Nigeria
U04614,2025-02-06,Referral,Android,Nigeria
U04615,2025-04-13,Google Ads,iOS,Nigeria
U04616,2025-03-26,Referral,Android,Nigeria
U04617,2025-01-08,Referral,Android,Nigeria
U04618,2025-01-28,Organic,iOS,Nigeria
U04619,2025-01-05,Organic,Android,Nigeria
U04620,2025-01-17,Google Ads,Android,Nigeria
U04621,2025-04-11,Facebook Ads,iOS,Nigeria
U04622,2025-02-05,Organic,Android,Nigeria
U04623,2025-04-28,Google Ads,Android,Nigeria
U04624,2025-01-19,Facebook Ads,iOS,Nigeria
U04625,2025-03-05,Google Ads,Android,Nigeria
U04626,2025-04-01,Google Ads,iOS,Nigeria
U04627,2025-04-27,Referral,iOS,Nigeria
U04628,2025-04-08,Google Ads,Android,Nigeria
U04629,2025-01-11,Facebook Ads,Android,Nigeria
U04630,2025-02-23,Organic,iOS,Nigeria
U04631,2025-02-14,Referral,Android,Nigeria
U04632,2025-02-16,Google Ads,Android,Nigeria
U04633,2025-01-12,Facebook Ads,Android,Nigeria
U04634,2025-04-28,Facebook Ads,Android,Nigeria
U04635,2025-01-21,Google Ads,Android,Nigeria
U04636,2025-04-28,Facebook Ads,iOS,Nigeria
U04637,2025-01-11,Facebook Ads,iOS,Nigeria
U04638,2025-04-13,Referral,Android,Nigeria
U04639,2025-04-02,Google Ads,Android,Nigeria
U04640,2025-01-05,Google Ads,Android,Nigeria
U04641,2025-03-22,Facebook Ads,Android,Nigeria
U04642,2025-02-25,Google Ads,iOS,Nigeria
U04643,2025-01-20,Referral,iOS,Nigeria
U04644,2025-02-10,Facebook Ads,iOS,Nigeria
U04645,2025-02-15,Facebook Ads,Android,Nigeria
U04646,2025-01-12,Google Ads,Android,Nigeria
U04647,2025-03-11,Organic,Android,Nigeria
U04648,2025-01-17,Google Ads,Android,Nigeria
U04649,2025-04-25,Facebook Ads,Android,Nigeria
U04650,2025-01-19,Facebook Ads,iOS,Nigeria
U04651,2025-01-26,Referral,iOS,Nigeria
U04652,2025-02-17,Facebook Ads,iOS,Nigeria
U04653,2025-04-18,Google Ads,iOS,Nigeria
U04654,2025-04-18,Google Ads,Android,Nigeria
U04655,2025-02-21,Facebook Ads,Android,Nigeria
U04656,2025-04-06,Referral,Android,Nigeria
U04657,2025-03-11,Referral,Android,Nigeria
U04658,2025-02-24,Google Ads,Android,Nigeria
U04659,2025-04-10,Facebook Ads,iOS,Nigeria
U04660,2025-04-12,Facebook Ads,Android,Nigeria
U04661,2025-03-16,Google Ads,Android,Nigeria
U04662,2025-02-02,Google Ads,Android,Nigeria
U04663,2025-03-03,Facebook Ads,Android,Nigeria
U04664,2025-03-29,Facebook Ads,Android,Nigeria
U04665,2025-01-23,Facebook Ads,Android,Nigeria
U04666,2025-01-15,Organic,Android,Nigeria
U04667,2025-01-27,Referral,iOS,Nigeria
U04668,2025-03-16,Organic,Android,Nigeria
U04669,2025-03-05,Facebook Ads,Android,Nigeria
U04670,2025-04-25,Organic,Android,Nigeria
U04671,2025-04-24,Facebook Ads,iOS,Nigeria
U04672,2025-03-22,Google Ads,Android,Nigeria
U04673,2025-02-20,Referral,iOS,Nigeria
U04674,2025-02-22,Facebook Ads,iOS,Nigeria
U04675,2025-03-19,Google Ads,iOS,Nigeria
U04676,2025-04-01,Facebook Ads,Android,Nigeria
U04677,2025-03-23,Facebook Ads,Android,Nigeria
U04678,2025-04-02,Google Ads,Android,Nigeria
U04679,2025-02-20,Google Ads,Android,Nigeria
U04680,2025-02-16,Referral,Android,Nigeria
U04681,2025-04-21,Google Ads,iOS,Nigeria
U04682,2025-01-04,Google Ads,iOS,Nigeria
U04683,2025-01-07,Facebook Ads,Android,Nigeria
U04684,2025-04-19,Facebook Ads,Android,Nigeria
U04685,2025-02-04,Organic,iOS,Nigeria
U04686,2025-02-17,Facebook Ads,Android,Nigeria
U04687,2025-03-14,Google Ads,Android,Nigeria
U04688,2025-03-13,Facebook Ads,Android,Nigeria
U04689,2025-04-26,Referral,iOS,Nigeria
U04690,2025-02-14,Referral,Android,Nigeria
U04691,2025-03-22,Facebook Ads,iOS,Nigeria
U04692,2025-03-22,Facebook Ads,Android,Nigeria
U04693,2025-04-23,Google Ads,Android,Nigeria
U04694,2025-04-07,Facebook Ads,Android,Nigeria
U04695,2025-04-06,Facebook Ads,Android,Nigeria
U04696,2025-03-13,Referral,Android,Nigeria
U04697,2025-01-19,Facebook Ads,Android,Nigeria
U04698,2025-03-04,Referral,iOS,Nigeria
U04699,2025-02-07,Google Ads,Android,Nigeria
U04700,2025-03-08,Facebook Ads,iOS,Nigeria
U04701,2025-02-28,Google Ads,iOS,Nigeria
U04702,2025-03-10,Google Ads,iOS,Nigeria
U04703,2025-01-13,Facebook Ads,iOS,Nigeria
U04704,2025-02-16,Google Ads,Android,Nigeria
U04705,2025-04-20,Facebook Ads,Android,Nigeria
U04706,2025-03-02,Facebook Ads,iOS,Nigeria
U04707,2025-01-31,Facebook Ads,iOS,Nigeria
U04708,2025-04-29,Facebook Ads,iOS,Nigeria
U04709,2025-03-21,Facebook Ads,Android,Nigeria
U04710,2025-04-24,Google Ads,Android,Nigeria
U04711,2025-04-06,Google Ads,Android,Nigeria
U04712,2025-01-22,Google Ads,iOS,Nigeria
U04713,2025-04-03,Referral,Android,Nigeria
U04714,2025-03-27,Referral,Android,Nigeria
U04715,2025-02-12,Google Ads,Android,Nigeria
U04716,2025-03-08,Google Ads,Android,Nigeria
U04717,2025-02-23,Facebook Ads,Android,Nigeria
U04718,2025-01-10,Referral,iOS,Nigeria
U04719,2025-02-11,Facebook Ads,iOS,Nigeria
U04720,2025-03-05,Facebook Ads,Android,Nigeria
U04721,2025-01-21,Referral,Android,Nigeria
U04722,2025-03-21,Facebook Ads,iOS,Nigeria
U04723,2025-03-17,Facebook Ads,Android,Nigeria
U04724,2025-03-07,Google Ads,iOS,Nigeria
U04725,2025-02-10,Google Ads,Android,Nigeria
U04726,2025-01-24,Referral,Android,Nigeria
U04727,2025-02-04,Referral,Android,Nigeria
U04728,2025-02-25,Facebook Ads,iOS,Nigeria
U04729,2025-01-30,Facebook Ads,Android,Nigeria
U04730,2025-02-26,Google Ads,Android,Nigeria
U04731,2025-04-04,Facebook Ads,Android,Nigeria
U04732,2025-02-16,Google Ads,Android,Nigeria
U04733,2025-02-04,Facebook Ads,Android,Nigeria
U04734,2025-01-19,Google Ads,Android,Nigeria
U04735,2025-04-24,Google Ads,Android,Nigeria
U04736,2025-01-08,Google Ads,Android,Nigeria
U04737,2025-01-26,Google Ads,Android,Nigeria
U04738,2025-04-23,Google Ads,Android,Nigeria
U04739,2025-04-14,Facebook Ads,Android,Nigeria
U04740,2025-03-12,Facebook Ads,Android,Nigeria
U04741,2025-01-30,Facebook Ads,Android,Nigeria
U04742,2025-01-07,Google Ads,Android,Nigeria
U04743,2025-03-08,Facebook Ads,Android,Nigeria
U04744,2025-03-06,Google Ads,Android,Nigeria
U04745,2025-02-05,Facebook Ads,Android,Nigeria
U04746,2025-01-25,Google Ads,Android,Nigeria
U04747,2025-02-06,Referral,Android,Nigeria
U04748,2025-01-01,Facebook Ads,iOS,Nigeria
U04749,2025-01-15,Facebook Ads,iOS,Nigeria
U04750,2025-02-06,Facebook Ads,Android,Nigeria
U04751,2025-01-13,Google Ads,Android,Nigeria
U04752,2025-04-14,Google Ads,iOS,Nigeria
U04753,2025-01-08,Facebook Ads,iOS,Nigeria
U04754,2025-01-05,Google Ads,Android,Nigeria
U04755,2025-03-01,Facebook Ads,Android,Nigeria
U04756,2025-03-14,Google Ads,Android,Nigeria
U04757,2025-01-01,Google Ads,Android,Nigeria
U04758,2025-02-05,Referral,Android,Nigeria
U04759,2025-02-04,Facebook Ads,Android,Nigeria
U04760,2025-03-07,Referral,iOS,Nigeria
U04761,2025-03-04,Referral,Android,Nigeria
U04762,2025-04-14,Facebook Ads,Android,Nigeria
U04763,2025-01-23,Facebook Ads,Android,Nigeria
U04764,2025-01-09,Google Ads,Android,Nigeria
U04765,2025-02-03,Referral,Android,Nigeria
U04766,2025-02-15,Referral,Android,Nigeria
U04767,2025-03-19,Google Ads,Android,Nigeria
U04768,2025-01-04,Referral,Android,Nigeria
U04769,2025-01-30,Facebook Ads,iOS,Nigeria
U04770,2025-04-05,Facebook Ads,Android,Nigeria
U04771,2025-04-12,Organic,Android,Nigeria
U04772,2025-03-16,Referral,Android,Nigeria
U04773,2025-04-09,Google Ads,Android,Nigeria
U04774,2025-03-13,Referral,Android,Nigeria
U04775,2025-01-03,Organic,Android,Nigeria
U04776,2025-01-14,Referral,Android,Nigeria
U04777,2025-03-01,Referral,Android,Nigeria
U04778,2025-03-18,Referral,iOS,Nigeria
U04779,2025-02-14,Facebook Ads,Android,Nigeria
U04780,2025-04-06,Referral,Android,Nigeria
U04781,2025-02-03,Facebook Ads,Android,Nigeria
U04782,2025-02-14,Referral,iOS,Nigeria
U04783,2025-03-02,Google Ads,Android,Nigeria
U04784,2025-03-24,Google Ads,Android,Nigeria
U04785,2025-04-12,Google Ads,iOS,Nigeria
U04786,2025-01-16,Facebook Ads,Android,Nigeria
U04787,2025-03-07,Facebook Ads,Android,Nigeria
U04788,2025-02-09,Organic,Android,Nigeria
U04789,2025-01-17,Organic,iOS,Nigeria
U04790,2025-04-29,Facebook Ads,iOS,Nigeria
U04791,2025-02-03,Organic,iOS,Nigeria
U04792,2025-04-16,Referral,iOS,Nigeria
U04793,2025-01-16,Google Ads,iOS,Nigeria
U04794,2025-04-12,Facebook Ads,Android,Nigeria
U04795,2025-03-01,Organic,iOS,Nigeria
U04796,2025-03-07,Google Ads,Android,Nigeria
U04797,2025-03-07,Referral,Android,Nigeria
U04798,2025-03-31,Referral,Android,Nigeria
U04799,2025-01-13,Referral,Android,Nigeria
U04800,2025-02-25,Google Ads,iOS,Nigeria
U04801,2025-04-21,Facebook Ads,Android,Nigeria
U04802,2025-01-31,Facebook Ads,Android,Nigeria
U04803,2025-02-03,Facebook Ads,Android,Nigeria
U04804,2025-02-08,Facebook Ads,iOS,Nigeria
U04805,2025-03-08,Google Ads,Android,Nigeria
U04806,2025-01-08,Google Ads,Android,Nigeria
U04807,2025-03-28,Referral,Android,Nigeria
U04808,2025-03-19,Facebook Ads,Android,Nigeria
U04809,2025-04-30,Google Ads,Android,Nigeria
U04810,2025-02-24,Facebook Ads,Android,Nigeria
U04811,2025-01-27,Facebook Ads,iOS,Nigeria
U04812,2025-04-28,Facebook Ads,Android,Nigeria
U04813,2025-04-03,Referral,Android,Nigeria
U04814,2025-04-13,Facebook Ads,Android,Nigeria
U04815,2025-02-22,Referral,Android,Nigeria
U04816,2025-02-08,Facebook Ads,Android,Nigeria
U04817,2025-03-06,Referral,Android,Nigeria
U04818,2025-01-17,Referral,Android,Nigeria
U04819,2025-04-15,Organic,iOS,Nigeria
U04820,2025-01-30,Referral,Android,Nigeria
U04821,2025-02-22,Organic,Android,Nigeria
U04822,2025-01-13,Referral,Android,Nigeria
U04823,2025-01-21,Google Ads,Android,Nigeria
U04824,2025-01-19,Facebook Ads,Android,Nigeria
U04825,2025-02-22,Facebook Ads,Android,Nigeria
U04826,2025-01-19,Facebook Ads,iOS,Nigeria
U04827,2025-02-26,Google Ads,Android,Nigeria
U04828,2025-01-25,Google Ads,Android,Nigeria
U04829,2025-03-27,Referral,iOS,Nigeria
U04830,2025-01-31,Organic,Android,Nigeria
U04831,2025-03-22,Google Ads,iOS,Nigeria
U04832,2025-02-24,Google Ads,Android,Nigeria
U04833,2025-01-23,Organic,Android,Nigeria
U04834,2025-02-01,Facebook Ads,Android,Nigeria
U04835,2025-03-03,Referral,iOS,Nigeria
U04836,2025-03-15,Facebook Ads,iOS,Nigeria
U04837,2025-01-10,Google Ads,Android,Nigeria
U04838,2025-04-10,Facebook Ads,Android,Nigeria
U04839,2025-03-13,Referral,Android,Nigeria
U04840,2025-02-23,Google Ads,Android,Nigeria
U04841,2025-02-21,Facebook Ads,Android,Nigeria
U04842,2025-01-20,Facebook Ads,Android,Nigeria
U04843,2025-02-01,Google Ads,Android,Nigeria
U04844,2025-04-24,Organic,Android,Nigeria
U04845,2025-01-14,Referral,Android,Nigeria
U04846,2025-02-19,Google Ads,iOS,Nigeria
U04847,2025-01-28,Facebook Ads,iOS,Nigeria
U04848,2025-04-20,Google Ads,Android,Nigeria
U04849,2025-04-26,Referral,iOS,Nigeria
U04850,2025-02-22,Referral,Android,Nigeria
U04851,2025-01-24,Facebook Ads,iOS,Nigeria
U04852,2025-03-20,Referral,Android,Nigeria
U04853,2025-01-22,Google Ads,Android,Nigeria
U04854,2025-01-30,Organic,iOS,Nigeria
U04855,2025-03-04,Organic,Android,Nigeria
U04856,2025-01-04,Referral,iOS,Nigeria
U04857,2025-03-18,Referral,iOS,Nigeria
U04858,2025-02-28,Facebook Ads,iOS,Nigeria
U04859,2025-03-28,Referral,Android,Nigeria
U04860,2025-01-08,Google Ads,Android,Nigeria
U04861,2025-03-23,Facebook Ads,Android,Nigeria
U04862,2025-01-12,Facebook Ads,iOS,Nigeria
U04863,2025-04-29,Referral,Android,Nigeria
U04864,2025-01-31,Facebook Ads,Android,Nigeria
U04865,2025-03-19,Google Ads,Android,Nigeria
U04866,2025-02-03,Google Ads,Android,Nigeria
U04867,2025-03-23,Facebook Ads,Android,Nigeria
U04868,2025-04-30,Facebook Ads,Android,Nigeria
U04869,2025-04-08,Referral,iOS,Nigeria
U04870,2025-03-16,Referral,Android,Nigeria
U04871,2025-04-15,Facebook Ads,iOS,Nigeria
U04872,2025-03-17,Referral,Android,Nigeria
U04873,2025-02-18,Referral,Android,Nigeria
U04874,2025-03-20,Google Ads,Android,Nigeria
U04875,2025-02-26,Referral,Android,Nigeria
U04876,2025-04-05,Organic,Android,Nigeria
U04877,2025-04-23,Google Ads,iOS,Nigeria
U04878,2025-04-03,Facebook Ads,Android,Nigeria
U04879,2025-01-26,Organic,Android,Nigeria
U04880,2025-01-18,Google Ads,Android,Nigeria
U04881,2025-04-06,Facebook Ads,iOS,Nigeria
U04882,2025-03-27,Google Ads,Android,Nigeria
U04883,2025-02-07,Google Ads,Android,Nigeria
U04884,2025-03-22,Referral,Android,Nigeria
U04885,2025-03-28,Google Ads,iOS,Nigeria
U04886,2025-03-29,Facebook Ads,Android,Nigeria
U04887,2025-02-19,Google Ads,Android,Nigeria
U04888,2025-01-08,Google Ads,Android,Nigeria
U04889,2025-02-10,Facebook Ads,iOS,Nigeria
U04890,2025-01-06,Google Ads,Android,Nigeria
U04891,2025-03-10,Referral,iOS,Nigeria
U04892,2025-02-13,Facebook Ads,Android,Nigeria
U04893,2025-03-05,Google Ads,Android,Nigeria
U04894,2025-01-29,Facebook Ads,Android,Nigeria
U04895,2025-01-28,Facebook Ads,iOS,Nigeria
U04896,2025-01-11,Facebook Ads,Android,Nigeria
U04897,2025-03-06,Facebook Ads,iOS,Nigeria
U04898,2025-04-17,Referral,Android,Nigeria
U04899,2025-01-19,Facebook Ads,iOS,Nigeria
U04900,2025-01-09,Referral,Android,Nigeria
U04901,2025-01-27,Facebook Ads,Android,Nigeria
U04902,2025-02-03,Organic,Android,Nigeria
U04903,2025-02-13,Google Ads,Android,Nigeria
U04904,2025-03-09,Referral,Android,Nigeria
U04905,2025-04-10,Facebook Ads,Android,Nigeria
U04906,2025-03-23,Google Ads,Android,Nigeria
U04907,2025-01-15,Facebook Ads,Android,Nigeria
U04908,2025-02-20,Organic,Android,Nigeria
U04909,2025-01-13,Google Ads,Android,Nigeria
U04910,2025-03-24,Google Ads,Android,Nigeria
U04911,2025-02-18,Referral,Android,Nigeria
U04912,2025-03-11,Facebook Ads,Android,Nigeria
U04913,2025-04-22,Referral,Android,Nigeria
U04914,2025-02-25,Google Ads,iOS,Nigeria
U04915,2025-03-17,Referral,iOS,Nigeria
U04916,2025-02-20,Google Ads,Android,Nigeria
U04917,2025-02-06,Facebook Ads,Android,Nigeria
U04918,2025-01-17,Facebook Ads,Android,Nigeria
U04919,2025-02-27,Referral,Android,Nigeria
U04920,2025-03-28,Google Ads,Android,Nigeria
U04921,2025-03-31,Google Ads,Android,Nigeria
U04922,2025-01-29,Organic,Android,Nigeria
U04923,2025-02-02,Facebook Ads,Android,Nigeria
U04924,2025-03-01,Referral,Android,Nigeria
U04925,2025-04-01,Organic,Android,Nigeria
U04926,2025-03-30,Referral,Android,Nigeria
U04927,2025-04-30,Referral,Android,Nigeria
U04928,2025-02-24,Facebook Ads,Android,Nigeria
U04929,2025-01-10,Facebook Ads,iOS,Nigeria
U04930,2025-02-16,Referral,iOS,Nigeria
U04931,2025-01-23,Facebook Ads,Android,Nigeria
U04932,2025-03-26,Facebook Ads,Android,Nigeria
U04933,2025-01-21,Referral,Android,Nigeria
U04934,2025-04-17,Facebook Ads,Android,Nigeria
U04935,2025-01-13,Organic,Android,Nigeria
U04936,2025-04-11,Referral,Android,Nigeria
U04937,2025-02-02,Referral,Android,Nigeria
U04938,2025-01-24,Referral,Android,Nigeria
U04939,2025-04-18,Referral,iOS,Nigeria
U04940,2025-01-11,Referral,iOS,Nigeria
U04941,2025-01-17,Google Ads,Android,Nigeria
U04942,2025-03-09,Facebook Ads,Android,Nigeria
U04943,2025-02-16,Referral,Android,Nigeria
U04944,2025-01-25,Referral,iOS,Nigeria
U04945,2025-04-04,Google Ads,iOS,Nigeria
U04946,2025-03-14,Facebook Ads,iOS,Nigeria
U04947,2025-01-21,Google Ads,Android,Nigeria
U04948,2025-03-25,Facebook Ads,iOS,Nigeria
U04949,2025-03-24,Organic,Android,Nigeria
U04950,2025-03-24,Organic,iOS,Nigeria
U04951,2025-01-12,Facebook Ads,iOS,Nigeria
U04952,2025-02-06,Google Ads,Android,Nigeria
U04953,2025-02-11,Facebook Ads,Android,Nigeria
U04954,2025-01-17,Referral,iOS,Nigeria
U04955,2025-04-11,Facebook Ads,Android,Nigeria
U04956,2025-04-28,Google Ads,Android,Nigeria
U04957,2025-02-17,Facebook Ads,Android,Nigeria
U04958,2025-04-13,Facebook Ads,Android,Nigeria
U04959,2025-01-28,Google Ads,Android,Nigeria
U04960,2025-02-10,Facebook Ads,Android,Nigeria
U04961,2025-04-09,Google Ads,Android,Nigeria
U04962,2025-02-16,Facebook Ads,Android,Nigeria
U04963,2025-04-22,Google Ads,Android,Nigeria
U04964,2025-01-18,Referral,Android,Nigeria
U04965,2025-03-19,Referral,Android,Nigeria
U04966,2025-04-09,Referral,Android,Nigeria
U04967,2025-04-18,Organic,Android,Nigeria
U04968,2025-04-15,Facebook Ads,iOS,Nigeria
U04969,2025-03-12,Facebook Ads,Android,Nigeria
U04970,2025-04-15,Google Ads,iOS,Nigeria
U04971,2025-01-13,Referral,Android,Nigeria
U04972,2025-03-23,Organic,iOS,Nigeria
U04973,2025-04-11,Facebook Ads,Android,Nigeria
U04974,2025-01-13,Facebook Ads,Android,Nigeria
U04975,2025-04-10,Facebook Ads,Android,Nigeria
U04976,2025-01-31,Referral,Android,Nigeria
U04977,2025-01-02,Google Ads,Android,Nigeria
U04978,2025-01-16,Facebook Ads,Android,Nigeria
U04979,2025-01-09,Google Ads,Android,Nigeria
U04980,2025-03-14,Google Ads,iOS,Nigeria
U04981,2025-02-07,Referral,Android,Nigeria
U04982,2025-03-16,Facebook Ads,Android,Nigeria
U04983,2025-02-23,Referral,Android,Nigeria
U04984,2025-02-25,Google Ads,Android,Nigeria
U04985,2025-03-27,Referral,iOS,Nigeria
U04986,2025-04-07,Referral,iOS,Nigeria
U04987,2025-04-10,Facebook Ads,iOS,Nigeria
U04988,2025-04-19,Facebook Ads,iOS,Nigeria
U04989,2025-03-28,Referral,Android,Nigeria
U04990,2025-02-14,Facebook Ads,Android,Nigeria
U04991,2025-04-19,Referral,Android,Nigeria
U04992,2025-02-03,Referral,iOS,Nigeria
U04993,2025-01-09,Referral,iOS,Nigeria
U04994,2025-03-29,Facebook Ads,Android,Nigeria
U04995,2025-01-08,Facebook Ads,Android,Nigeria
U04996,2025-01-07,Google Ads,iOS,Nigeria
U04997,2025-02-05,Facebook Ads,Android,Nigeria
U04998,2025-01-18,Referral,iOS,Nigeria
U04999,2025-01-03,Referral,Android,Nigeria
U05000,2025-01-28,Google Ads,Android,Nigeria
